Cash Balance,,,,,,,,,,,,,,
DATE,TIME,TYPE,REF #,DESCRIPTION,Misc Fees,Commissions & Fees,AMOUNT,BALANCE,,,,,,
10/16/20,1:00:00,BAL,,Cash balance at the start of business day 16.10 CST,,,,0,,,,,,
10/17/20,1:00:00,BAL,,Cash balance at the start of business day 17.10 CST,,,,0,,,,,,
10/18/20,1:00:00,BAL,,Cash balance at the start of business day 18.10 CST,,,,0,,,,,,
10/19/20,1:00:00,BAL,,Cash balance at the start of business day 19.10 CST,,,,0,,,,,,
10/20/20,1:00:00,BAL,,Cash balance at the start of business day 20.10 CST,,,,0,,,,,,
10/21/20,1:00:00,BAL,,Cash balance at the start of business day 21.10 CST,,,,0,,,,,,
10/22/20,1:00:00,BAL,,Cash balance at the start of business day 22.10 CST,,,,0,,,,,,
10/23/20,1:00:00,BAL,,Cash balance at the start of business day 23.10 CST,,,,0,,,,,,
10/24/20,1:00:00,BAL,,Cash balance at the start of business day 24.10 CST,,,,0,,,,,,
10/25/20,1:00:00,BAL,,Cash balance at the start of business day 25.10 CST,,,,0,,,,,,
10/26/20,1:00:00,BAL,,Cash balance at the start of business day 26.10 CST,,,,0,,,,,,
10/27/20,1:00:00,BAL,,Cash balance at the start of business day 27.10 CST,,,,0,,,,,,
10/28/20,1:00:00,BAL,,Cash balance at the start of business day 28.10 CST,,,,0,,,,,,
10/29/20,1:00:00,BAL,,Cash balance at the start of business day 29.10 CST,,,,0,,,,,,
10/30/20,1:00:00,BAL,,Cash balance at the start of business day 30.10 CST,,,,0,,,,,,
10/31/20,1:00:00,BAL,,Cash balance at the start of business day 31.10 CST,,,,0,,,,,,
11/1/20,1:00:00,BAL,,Cash balance at the start of business day 01.11 CST,,,,0,,,,,,
11/2/20,1:00:00,BAL,,Cash balance at the start of business day 02.11 CST,,,,0,,,,,,
11/3/20,1:00:00,BAL,,Cash balance at the start of business day 03.11 CST,,,,0,,,,,,
11/4/20,1:00:00,BAL,,Cash balance at the start of business day 04.11 CST,,,,0,,,,,,
11/5/20,1:00:00,BAL,,Cash balance at the start of business day 05.11 CST,,,,0,,,,,,
11/6/20,1:00:00,BAL,,Cash balance at the start of business day 06.11 CST,,,,0,,,,,,
11/7/20,1:00:00,BAL,,Cash balance at the start of business day 07.11 CST,,,,0,,,,,,
11/8/20,1:00:00,BAL,,Cash balance at the start of business day 08.11 CST,,,,0,,,,,,
11/9/20,1:00:00,BAL,,Cash balance at the start of business day 09.11 CST,,,,0,,,,,,
11/10/20,1:00:00,BAL,,Cash balance at the start of business day 10.11 CST,,,,0,,,,,,
11/11/20,0:59:59,ADJ,3545644114,Account Opt In,,,"23,309.00","23,309.00",,,,,,
11/11/20,1:00:00,BAL,,Cash balance at the start of business day 11.11 CST,,,,"23,309.00",,,,,,
11/12/20,1:00:00,BAL,,Cash balance at the start of business day 12.11 CST,,,,"23,309.00",,,,,,
11/12/20,9:33:59,TRD,3551442842,BOT +500 IMAC @2.16,,,"-1,080.00","22,229.00",,,,,,
11/12/20,9:38:11,TRD,3551552718,SOLD -139 IMAC @2.39,-0.03,,332.21,"22,561.18",,,,,,
11/12/20,9:38:11,TRD,3551552718,SOLD -361 IMAC @2.39,-0.06,,862.79,"23,423.91",,,,,,
11/12/20,9:42:36,TRD,3551676955,BOT +500 IMAC @2.2288,,,"-1,114.40","22,309.51",,,,,,
11/12/20,9:46:13,TRD,3551729657,SOLD -30 IMAC @2.22,-0.01,,66.6,"22,376.10",,,,,,
11/12/20,9:46:13,TRD,3551729657,SOLD -470 IMAC @2.22,-0.08,,"1,043.40","23,419.42",,,,,,
11/12/20,9:46:45,TRD,3551769400,BOT +500 IMAC @2.25,,,"-1,125.00","22,294.42",,,,,,
11/12/20,9:50:57,TRD,3551864675,SOLD -500 IMAC @1.9701,-0.08,,985.05,"23,279.39",,,,,,
11/12/20,9:53:36,TRD,3551920670,SOLD -1 NIO @44.90,-0.01,,44.9,"23,324.28",,,,,,
11/12/20,9:53:36,TRD,3551920670,SOLD -49 NIO @44.90,-0.06,,"2,200.10","25,524.32",,,,,,
11/12/20,10:47:13,TRD,3552792051,SOLD -20 AMD @82.33,-0.04,,"1,646.60","27,170.88",,,,,,
11/12/20,10:50:47,TRD,3552835723,BOT +20 AMD @82.39,,,"-1,647.80","25,523.08",,,,,,
11/12/20,13:00:06,TRD,3554113055,BOT +1 FB @276.95,,,-276.95,"25,246.13",,,,,,
11/12/20,13:00:09,TRD,3554113055,BOT +5 FB @276.95,,,"-1,384.75","23,861.38",,,,,,
11/12/20,13:00:10,TRD,3554113055,BOT +24 FB @276.95,,,"-6,646.80","17,214.58",,,,,,
11/12/20,14:01:36,TRD,3554665567,SOLD -100 PTON @108.05,-0.25,,"10,805.00","28,019.33",,,,,,
11/12/20,14:06:42,TRD,3554711819,SOLD -30 FB @277.41,-0.18,,"8,322.30","36,341.45",,,,,,
11/12/20,14:14:17,TRD,3554767851,BOT +25 PTON @108.01,,,"-2,700.25","33,641.20",,,,,,
11/12/20,14:14:18,TRD,3554767851,BOT +50 PTON @108.01,,,"-5,400.50","28,240.70",,,,,,
11/12/20,14:14:18,TRD,3554767851,BOT +25 PTON @108.01,,,"-2,700.25","25,540.45",,,,,,
11/12/20,14:17:30,TRD,3554801718,SOLD -50 NIO @47.50,-0.06,,"2,375.00","27,915.39",,,,,,
11/12/20,14:18:34,TRD,3554806772,BOT +50 NIO @47.74,,,"-2,387.00","25,528.39",,,,,,
11/13/20,0:59:59,ADJ,3561110595,Courtesy Adjustment,,,0.03,"25,528.42",,,,,,
11/13/20,1:00:00,BAL,,Cash balance at the start of business day 13.11 CST,,,,"25,528.42",,,,,,
11/13/20,1:00:00,JRN,3562139102,MARK TO THE MARKET,,,-0.91,"25,527.51",,,,,,
11/13/20,1:00:00,JRN,3562139188,MARK TO THE MARKET,,,0.91,"25,528.42",,,,,,
11/14/20,1:00:00,BAL,,Cash balance at the start of business day 14.11 CST,,,,"25,528.42",,,,,,
11/15/20,1:00:00,BAL,,Cash balance at the start of business day 15.11 CST,,,,"25,528.42",,,,,,
11/16/20,1:00:00,BAL,,Cash balance at the start of business day 16.11 CST,,,,"25,528.42",,,,,,
11/16/20,1:00:00,JRN,3568815013,MARK TO THE MARKET,,,-9.54,"25,518.88",,,,,,
11/16/20,1:00:00,JRN,3568815089,MARK TO THE MARKET,,,9.54,"25,528.42",,,,,,
11/16/20,9:39:42,TRD,3564139348,BOT +100 NIO @43.8882,,,"-4,388.82","21,139.60",,,,,,
11/16/20,9:47:19,TRD,3564339201,BOT +100 NIO @43.955,,,"-4,395.50","16,744.10",,,,,,
11/16/20,10:13:51,TRD,3564872956,SOLD -200 NIO @45.2138,-0.22,,"9,042.76","25,786.64",,,,,,
11/17/20,1:00:00,BAL,,Cash balance at the start of business day 17.11 CST,,,,"25,786.64",,,,,,
11/18/20,1:00:00,BAL,,Cash balance at the start of business day 18.11 CST,,,,"25,786.64",,,,,,
11/18/20,9:32:12,TRD,3575742439,BOT +110 PFE @37.08991,,,"-4,079.89","21,706.75",,,,,,
11/18/20,9:38:40,TRD,3575920766,SOLD -110 PFE @37.03327,-0.1,,"4,073.66","25,780.31",,,,,,
11/19/20,1:00:00,BAL,,Cash balance at the start of business day 19.11 CST,,,,"25,780.31",,,,,,
11/19/20,9:31:42,TRD,3581976526,BOT +20 TSLA @496.635,,,"-9,932.70","15,847.61",,,,,,
11/19/20,9:45:26,TRD,3582354294,SOLD -20 TSLA @497.75,-0.22,,"9,955.00","25,802.39",,,,,,
11/19/20,9:47:04,TRD,3582397174,BOT +100 NIO @46.59,,,"-4,659.00","21,143.39",,,,,,
11/19/20,10:29:41,TRD,3583267250,SOLD -100 NIO @47.71,-0.12,,"4,771.00","25,914.27",,,,,,
11/19/20,12:04:54,TRD,3584434526,BOT +200 PLTR @18.58,,,"-3,716.00","22,198.27",,,,,,
11/19/20,12:06:18,TRD,3584446498,SOLD -200 PLTR @18.6601,-0.1,,"3,732.02","25,930.19",,,,,,
11/20/20,1:00:00,BAL,,Cash balance at the start of business day 20.11 CST,,,,"25,930.19",,,,,,
11/20/20,9:33:37,TRD,3587900722,BOT +100 BLNK @19.39,,,"-1,939.00","23,991.19",,,,,,
11/20/20,9:33:37,TRD,3587900722,BOT +200 BLNK @19.39,,,"-3,878.00","20,113.19",,,,,,
11/20/20,9:38:36,TRD,3588050815,SOLD -300 BLNK @20.485,-0.18,,"6,145.50","26,258.51",,,,,,
11/20/20,9:49:28,TRD,3588335873,BOT +100 PLTR @19.525,,,"-1,952.50","24,306.01",,,,,,
11/21/20,1:00:00,BAL,,Cash balance at the start of business day 21.11 CST,,,,"24,306.01",,,,,,
11/22/20,1:00:00,BAL,,Cash balance at the start of business day 22.11 CST,,,,"24,306.01",,,,,,
11/23/20,1:00:00,BAL,,Cash balance at the start of business day 23.11 CST,,,,"24,306.01",,,,,,
11/23/20,9:31:57,TRD,3594809942,BOT +500 KXIN @9.8299,,,"-4,914.95","19,391.06",,,,,,
11/23/20,9:33:13,TRD,3594852572,SOLD -500 KXIN @9.3801,-0.16,,"4,690.05","24,080.95",,,,,,
11/23/20,9:34:09,TRD,3594884553,BOT +500 BLNK @27.599,,,"-13,799.50","10,281.45",,,,,,
11/23/20,9:40:42,TRD,3595087114,SOLD -500 BLNK @28.1301,-0.37,,"14,065.05","24,346.13",,,,,,
11/23/20,9:43:51,TRD,3595175736,BOT +150 BLNK @28.3632,,,"-4,254.48","20,091.65",,,,,,
11/23/20,9:46:31,TRD,3595255816,SOLD -150 BLNK @28.685,-0.12,,"4,302.75","24,394.28",,,,,,
11/23/20,9:49:11,TRD,3595331050,BOT +100 KXIN @9.6399,,,-963.99,"23,430.29",,,,,,
11/23/20,9:49:11,TRD,3595331050,BOT +100 KXIN @9.6399,,,-963.99,"22,466.30",,,,,,
11/23/20,9:50:17,TRD,3595363240,SOLD -200 KXIN @9.0205,-0.06,,"1,804.10","24,270.34",,,,,,
11/23/20,9:52:35,TRD,3595423286,BOT +50 XPEV @58.95,,,"-2,947.50","21,322.84",,,,,,
11/23/20,9:52:35,TRD,3595423286,BOT +100 XPEV @58.9499,,,"-5,894.99","15,427.85",,,,,,
11/23/20,9:54:02,TRD,3595460036,SOLD -150 XPEV @59.28013,-0.22,,"8,892.02","24,319.65",,,,,,
11/23/20,9:57:44,TRD,3595547190,SOLD -20 PTON @106.965,-0.05,,"2,139.30","26,458.90",,,,,,
11/23/20,9:58:07,TRD,3595559042,BOT +20 PTON @107.23,,,"-2,144.60","24,314.30",,,,,,
11/23/20,10:46:47,TRD,3596534144,SOLD -100 PLTR @19.9001,-0.05,,"1,990.01","26,304.26",,,,,,
11/23/20,12:03:22,TRD,3597539336,BOT +100 LI @43.44,,,"-4,344.00","21,960.26",,,,,,
11/23/20,12:03:22,TRD,3597539336,BOT +50 LI @43.46,,,"-2,173.00","19,787.26",,,,,,
11/23/20,12:04:25,TRD,3597551024,SOLD -150 LI @43.5862,-0.16,,"6,537.93","26,325.03",,,,,,
11/23/20,14:03:11,TRD,3598672213,SOLD -1 ROKU @275.26,-0.01,,275.26,"26,600.28",,,,,,
11/23/20,14:03:11,TRD,3598672213,SOLD -1 ROKU @275.26,-0.01,,275.26,"26,875.53",,,,,,
11/23/20,14:04:10,TRD,3598680823,BOT +8 ROKU @275.2975,,,"-2,202.38","24,673.15",,,,,,
11/23/20,14:04:10,TRD,3598680823,BOT +2 ROKU @275.28,,,-550.56,"24,122.59",,,,,,
11/23/20,14:04:37,TRD,3598685618,SOLD -8 ROKU @275.455,-0.05,,"2,203.64","26,326.18",,,,,,
11/23/20,14:13:42,TRD,3598761082,BOT +200 XPEV @65.22,,,"-13,044.00","13,282.18",,,,,,
11/23/20,14:16:10,TRD,3598784267,SOLD -200 XPEV @65.505,-0.31,,"13,101.00","26,382.87",,,,,,
11/23/20,15:12:25,TRD,3599380179,BOT +100 BLNK @31.0999,,,"-3,109.99","23,272.88",,,,,,
11/23/20,15:13:22,TRD,3599392865,SOLD -100 BLNK @31.14,-0.08,,"3,114.00","26,386.80",,,,,,
11/23/20,15:14:39,TRD,3599407842,BOT +250 BLNK @31.51,,,"-7,877.50","18,509.30",,,,,,
11/23/20,15:29:02,TRD,3599532535,SOLD -95 BLNK @31.52,-0.08,,"2,994.40","21,503.62",,,,,,
11/23/20,15:29:02,TRD,3599532535,SOLD -155 BLNK @31.52,-0.13,,"4,885.60","26,389.09",,,,,,
11/24/20,0:59:59,ADJ,3606755525,Courtesy Adjustment,,,0.02,"26,389.11",,,,,,
11/24/20,1:00:00,BAL,,Cash balance at the start of business day 24.11 CST,,,,"26,389.11",,,,,,
11/24/20,9:30:13,TRD,3601587538,BOT +10 FTEK @6.29,,,-62.9,"26,326.21",,,,,,
11/24/20,9:30:48,TRD,3601603534,SOLD -10 FTEK @6.23,-0.01,,62.3,"26,388.50",,,,,,
11/24/20,9:42:16,TRD,3601905611,BOT +55 OXY @17.00,,,-935,"25,453.50",,,,,,
11/24/20,9:42:16,TRD,3601905611,BOT +45 OXY @17.00,,,-765,"24,688.50",,,,,,
11/24/20,9:46:19,TRD,3602038636,SOLD -100 OXY @16.905,-0.05,,"1,690.50","26,378.95",,,,,,
11/24/20,9:59:54,TRD,3602433104,BOT +300 CCL @20.35,,,"-6,105.00","20,273.95",,,,,,
11/24/20,10:07:03,TRD,3602609511,BOT +100 LI @45.68,,,"-4,568.00","15,705.95",,,,,,
11/24/20,10:07:03,TRD,3602609511,BOT +72 LI @45.66,,,"-3,287.52","12,418.43",,,,,,
11/24/20,10:07:03,TRD,3602609511,BOT +28 LI @45.68,,,"-1,279.04","11,139.39",,,,,,
11/24/20,10:07:03,TRD,3602609511,BOT +100 LI @45.67,,,"-4,567.00","6,572.39",,,,,,
11/24/20,10:11:36,TRD,3602722764,SOLD -300 LI @45.83,-0.34,,"13,749.00","20,321.05",,,,,,
11/24/20,10:12:50,TRD,3602751387,SOLD -300 CCL @19.755,-0.17,,"5,926.50","26,247.38",,,,,,
11/24/20,11:20:33,TRD,3603888154,BOT +320 LI @46.64991,,,"-14,927.97","11,319.41",,,,,,
11/24/20,11:33:55,TRD,3604065299,SOLD -320 LI @45.81009,-0.36,,"14,659.23","25,978.28",,,,,,
11/24/20,11:52:50,TRD,3604308210,BOT +200 UA @14.9398,,,"-2,987.96","22,990.32",,,,,,
11/24/20,11:54:32,TRD,3604328146,SOLD -100 UA @14.94,-0.04,,"1,494.00","24,484.28",,,,,,
11/24/20,11:54:32,TRD,3604328146,SOLD -100 UA @14.94,-0.04,,"1,494.00","25,978.24",,,,,,
11/24/20,12:01:52,TRD,3604420506,BOT +200 NKLA @34.8929,,,"-6,978.58","18,999.66",,,,,,
11/24/20,12:10:59,TRD,3604453050,SOLD -200 NKLA @34.90,-0.17,,"6,980.00","25,979.49",,,,,,
11/24/20,12:13:26,TRD,3604544445,BOT +200 NKLA @35.1599,,,"-7,031.98","18,947.51",,,,,,
11/24/20,12:14:48,TRD,3604557457,SOLD -1 NKLA @35.16,-0.01,,35.16,"18,982.66",,,,,,
11/24/20,12:14:48,TRD,3604557457,SOLD -19 NKLA @35.16,-0.01,,668.04,"19,650.69",,,,,,
11/24/20,12:14:48,TRD,3604557457,SOLD -80 NKLA @35.16,-0.07,,"2,812.80","22,463.42",,,,,,
11/24/20,12:14:48,TRD,3604557457,SOLD -100 NKLA @35.16,-0.09,,"3,516.00","25,979.33",,,,,,
11/25/20,1:00:00,BAL,,Cash balance at the start of business day 25.11 CST,,,,"25,979.33",,,,,,
11/25/20,1:00:00,JRN,3613616939,MARK TO THE MARKET,,,-5.4,"25,973.93",,,,,,
11/25/20,1:00:00,JRN,3613617023,MARK TO THE MARKET,,,5.4,"25,979.33",,,,,,
11/25/20,9:33:04,TRD,3608447589,BOT +200 NIO @50.9899,,,"-10,197.98","15,781.35",,,,,,
11/25/20,9:39:37,TRD,3608647296,SOLD -200 NIO @51.12,-0.25,,"10,224.00","26,005.10",,,,,,
11/25/20,9:41:33,TRD,3608704856,BOT +300 PLTR @25.46,,,"-7,638.00","18,367.10",,,,,,
11/25/20,9:52:48,TRD,3608999446,BOT +100 PFE @36.355,,,"-3,635.50","14,731.60",,,,,,
11/25/20,9:54:04,TRD,3609027788,SOLD -100 PFE @36.315,-0.09,,"3,631.50","18,363.01",,,,,,
11/25/20,10:29:54,TRD,3609747064,SOLD -300 PLTR @25.58,-0.21,,"7,674.00","26,036.80",,,,,,
11/26/20,1:00:00,BAL,,Cash balance at the start of business day 26.11 CST,,,,"26,036.80",,,,,,
11/27/20,1:00:00,BAL,,Cash balance at the start of business day 27.11 CST,,,,"26,036.80",,,,,,
11/27/20,9:38:47,TRD,3615085801,BOT +500 WORK @39.36,,,"-19,680.00","6,356.80",,,,,,
11/27/20,9:41:14,TRD,3615146009,SOLD -500 WORK @39.88,-0.5,,"19,940.00","26,296.30",,,,,,
11/27/20,10:04:41,TRD,3615704131,BOT +400 AAL @15.3179,,,"-6,127.16","20,169.14",,,,,,
11/27/20,10:05:23,TRD,3615714588,SOLD -400 AAL @15.3301,-0.19,,"6,132.04","26,300.99",,,,,,
11/27/20,10:11:04,TRD,3615827871,BOT +114 SAVE @23.14991,,,"-2,639.09","23,661.90",,,,,,
11/27/20,10:11:04,TRD,3615827871,BOT +11 SAVE @23.15,,,-254.65,"23,407.25",,,,,,
11/27/20,10:11:04,TRD,3615827871,BOT +275 SAVE @23.15,,,"-6,366.25","17,041.00",,,,,,
11/27/20,10:11:04,TRD,3615827871,BOT +100 SAVE @23.15,,,"-2,315.00","14,726.00",,,,,,
11/27/20,10:12:29,TRD,3615859020,SOLD -500 SAVE @23.1406,-0.32,,"11,570.30","26,295.98",,,,,,
11/27/20,11:01:00,TRD,3616661127,BOT +4 NFLX @488.495,,,"-1,953.98","24,342.00",,,,,,
11/27/20,11:01:00,TRD,3616661127,BOT +10 NFLX @488.496,,,"-4,884.96","19,457.04",,,,,,
11/27/20,11:01:00,TRD,3616661127,BOT +6 NFLX @488.49667,,,"-2,930.98","16,526.06",,,,,,
11/27/20,11:01:00,TRD,3616661127,BOT +30 NFLX @488.50,,,"-14,655.00","1,871.06",,,,,,
11/27/20,11:01:43,TRD,3616670484,SOLD -50 NFLX @488.53,-0.55,,"24,426.50","26,297.01",,,,,,
11/27/20,11:28:16,TRD,3617041108,BOT +100 INO @11.41,,,"-1,141.00","25,156.01",,,,,,
11/27/20,11:28:17,TRD,3617041108,BOT +100 INO @11.41,,,"-1,141.00","24,015.01",,,,,,
11/27/20,11:28:19,TRD,3617041108,BOT +100 INO @11.41,,,"-1,141.00","22,874.01",,,,,,
11/27/20,11:30:20,TRD,3617069525,SOLD -300 INO @11.4382,-0.12,,"3,431.46","26,305.35",,,,,,
11/27/20,11:33:14,TRD,3617106030,BOT +75 FSLY @85.06,,,"-6,379.50","19,925.85",,,,,,
11/27/20,11:33:21,TRD,3617106030,BOT +3 FSLY @85.06,,,-255.18,"19,670.67",,,,,,
11/27/20,11:34:04,TRD,3617123001,SOLD -78 FSLY @85.23103,-0.16,,"6,648.02","26,318.53",,,,,,
11/28/20,1:00:00,BAL,,Cash balance at the start of business day 28.11 CST,,,,"26,318.53",,,,,,
11/29/20,1:00:00,BAL,,Cash balance at the start of business day 29.11 CST,,,,"26,318.53",,,,,,
11/30/20,1:00:00,BAL,,Cash balance at the start of business day 30.11 CST,,,,"26,318.53",,,,,,
11/30/20,1:00:00,DOI,3626723986,FREE BALANCE INTEREST ADJUSTMENT~NO DESCRIPTION,,,0.14,"26,318.67",,,,,,
11/30/20,15:39:03,TRD,3625646503,BOT +100 RIOT @8.20,,,-820,"25,498.67",,,,,,
11/30/20,15:39:07,TRD,3625646503,BOT +400 RIOT @8.20,,,"-3,280.00","22,218.67",,,,,,
12/1/20,1:00:00,BAL,,Cash balance at the start of business day 01.12 CST,,,,"22,218.67",,,,,,
12/1/20,9:39:10,TRD,3628755704,BOT +100 NNDM @6.7399,,,-673.99,"21,544.68",,,,,,
12/1/20,9:39:10,TRD,3628755704,BOT +100 NNDM @6.7398,,,-673.98,"20,870.70",,,,,,
12/1/20,9:39:10,TRD,3628755704,BOT +100 NNDM @6.7398,,,-673.98,"20,196.72",,,,,,
12/1/20,9:39:10,TRD,3628755704,BOT +200 NNDM @6.7398,,,"-1,347.96","18,848.76",,,,,,
12/1/20,9:44:25,TRD,3628913770,SOLD -500 NNDM @6.74,-0.13,,"3,370.00","22,218.63",,,,,,
12/1/20,9:46:40,TRD,3628982948,SOLD -10 RIOT @8.695,-0.01,,86.95,"22,305.57",,,,,,
12/1/20,9:48:31,TRD,3629038618,SOLD -490 RIOT @8.64,-0.15,,"4,233.60","26,539.02",,,,,,
12/1/20,9:54:17,TRD,3629193520,BOT +30 TSLA @587.86,,,"-17,635.80","8,903.22",,,,,,
12/1/20,9:57:15,TRD,3629266613,SOLD -30 TSLA @588.26,-0.39,,"17,647.80","26,550.63",,,,,,
12/1/20,10:22:05,TRD,3629844978,BOT +500 GME @16.2899,,,"-8,144.95","18,405.68",,,,,,
12/1/20,10:26:58,TRD,3629948869,SOLD -500 GME @15.956,-0.24,,"7,978.00","26,383.44",,,,,,
12/2/20,0:59:59,ADJ,3639723774,Courtesy Adjustment,,,0.01,"26,383.45",,,,,,
12/2/20,1:00:00,BAL,,Cash balance at the start of business day 02.12 CST,,,,"26,383.45",,,,,,
12/2/20,9:31:53,TRD,3635468097,BOT +33 TSLA @560.97,,,"-18,512.01","7,871.44",,,,,,
12/2/20,9:33:53,TRD,3635536175,SOLD -200 NIO @38.6077,-0.19,,"7,721.54","15,592.79",,,,,,
12/2/20,9:36:54,TRD,3635637498,BOT +100 GME @16.315,,,"-1,631.50","13,961.29",,,,,,
12/2/20,9:38:28,TRD,3635695226,SOLD -10 NIO @40.12,-0.01,,401.2,"14,362.48",,,,,,
12/2/20,9:38:47,TRD,3635704330,BOT +110 NIO @40.24,,,"-4,426.40","9,936.08",,,,,,
12/2/20,9:38:47,TRD,3635704330,BOT +90 NIO @40.24,,,"-3,621.60","6,314.48",,,,,,
12/2/20,9:38:47,TRD,3635704330,BOT +10 NIO @40.24,,,-402.4,"5,912.08",,,,,,
12/2/20,9:42:58,TRD,3635830794,SOLD -100 GME @16.55,-0.05,,"1,655.00","7,567.03",,,,,,
12/2/20,9:47:40,TRD,3635961162,BOT +200 WKHS @20.5442,,,"-4,108.84","3,458.19",,,,,,
12/2/20,9:48:04,TRD,3635971232,SOLD -20 WKHS @20.33,-0.01,,406.6,"3,864.78",,,,,,
12/2/20,9:48:46,TRD,3635990709,SOLD -180 WKHS @20.26578,-0.1,,"3,647.84","7,512.52",,,,,,
12/2/20,9:54:17,TRD,3636133117,BOT +200 NIO @42.77,,,"-8,554.00","-1,041.48",,,,,,
12/2/20,10:00:43,TRD,3636293270,SOLD -200 NIO @42.9316,-0.21,,"8,586.32","7,544.63",,,,,,
12/2/20,10:10:17,TRD,3636486342,SOLD -2 TSLA @560.97,-0.02,,"1,121.94","8,666.55",,,,,,
12/2/20,10:10:17,TRD,3636486342,SOLD -1 TSLA @560.97,-0.01,,560.97,"9,227.51",,,,,,
12/2/20,10:10:17,TRD,3636486342,SOLD -30 TSLA @560.97,-0.37,,"16,829.10","26,056.24",,,,,,
12/2/20,10:13:02,TRD,3636566812,BOT +30 TSLA @565.24333,,,"-16,957.30","9,098.94",,,,,,
12/2/20,10:14:19,TRD,3636592703,SOLD -30 TSLA @565.83,-0.38,,"16,974.90","26,073.46",,,,,,
12/2/20,10:17:03,TRD,3636643592,BOT +200 INO @12.1999,,,"-2,439.98","23,633.48",,,,,,
12/2/20,10:17:32,TRD,3636652468,SOLD -100 INO @12.20,-0.04,,"1,220.00","24,853.44",,,,,,
12/2/20,10:17:33,TRD,3636652468,SOLD -100 INO @12.20,-0.04,,"1,220.00","26,073.40",,,,,,
12/2/20,10:22:35,TRD,3636757848,BOT +30 TSLA @569.75,,,"-17,092.50","8,980.90",,,,,,
12/2/20,12:05:55,TRD,3638059764,SOLD -30 TSLA @569.75,-0.38,,"17,092.50","26,073.02",,,,,,
12/2/20,14:51:39,TRD,3639630273,BOT +3 SPOT @314.46,,,-943.38,"25,129.64",,,,,,
12/2/20,14:51:39,TRD,3639630273,BOT +17 SPOT @314.46,,,"-5,345.82","19,783.82",,,,,,
12/2/20,14:52:15,TRD,3639639045,SOLD -20 SPOT @314.74,-0.14,,"6,294.80","26,078.48",,,,,,
12/2/20,14:54:06,TRD,3639652881,BOT +20 SPOT @316.02,,,"-6,320.40","19,758.08",,,,,,
12/2/20,14:55:39,TRD,3639668958,SOLD -20 SPOT @314.87,-0.14,,"6,297.40","26,055.34",,,,,,
12/2/20,14:57:52,TRD,3639695105,SOLD -20 SPOT @314.725,-0.14,,"6,294.50","32,349.70",,,,,,
12/2/20,14:59:37,TRD,3639712110,BOT +20 SPOT @315.265,,,"-6,305.30","26,044.40",,,,,,
12/2/20,15:07:09,TRD,3639784522,SOLD -100 BB @7.1722,-0.03,,717.22,"26,761.59",,,,,,
12/2/20,15:07:38,TRD,3639788324,BOT +100 BB @7.1678,,,-716.78,"26,044.81",,,,,,
12/3/20,1:00:00,BAL,,Cash balance at the start of business day 03.12 CST,,,,"26,044.81",,,,,,
12/3/20,1:00:00,EFN,3642767351,CLIENT REQUESTED ELECTRONIC FUNDING RECEIPT (FUNDS NOW),,,"3,044.75","29,089.56",,,,,,
12/3/20,9:32:06,TRD,3641911245,BOT +100 NIO @48.57,,,"-4,857.00","24,232.56",,,,,,
12/3/20,9:32:06,TRD,3641911245,BOT +100 NIO @48.57,,,"-4,857.00","19,375.56",,,,,,
12/3/20,9:32:06,TRD,3641911245,BOT +200 NIO @48.57,,,"-9,714.00","9,661.56",,,,,,
12/3/20,9:32:06,TRD,3641911245,BOT +100 NIO @48.57,,,"-4,857.00","4,804.56",,,,,,
12/3/20,14:06:13,TRD,3645699758,SOLD -500 NIO @46.5528,-0.57,,"23,276.40","28,080.39",,,,,,
12/4/20,1:00:00,BAL,,Cash balance at the start of business day 04.12 CST,,,,"28,080.39",,,,,,
12/4/20,1:00:00,JRN,3653909623,MARK TO THE MARKET,,,-338.39,"27,742.00",,,,,,
12/4/20,1:00:00,JRN,3653909713,MARK TO THE MARKET,,,338.39,"28,080.39",,,,,,
12/4/20,9:31:08,TRD,3648385831,BOT +100 GME @16.34,,,"-1,634.00","26,446.39",,,,,,
12/4/20,9:43:34,TRD,3648769558,SOLD -100 GME @16.845,-0.05,,"1,684.50","28,130.84",,,,,,
12/4/20,9:54:14,TRD,3649047040,BOT +100 NIO @43.91,,,"-4,391.00","23,739.84",,,,,,
12/4/20,9:56:39,TRD,3649112242,SOLD -100 NIO @43.9274,-0.11,,"4,392.74","28,132.47",,,,,,
12/4/20,10:18:12,TRD,3649594660,BOT +20 TSLA @594.43,,,"-11,888.60","16,243.87",,,,,,
12/4/20,10:29:51,TRD,3649820808,SOLD -20 TSLA @591.775,-0.26,,"11,835.50","28,079.11",,,,,,
12/4/20,10:34:02,TRD,3649893944,BOT +20 TSLA @594.65,,,"-11,893.00","16,186.11",,,,,,
12/4/20,10:36:27,TRD,3649936148,SOLD -6 TSLA @594.76,-0.08,,"3,568.56","19,754.59",,,,,,
12/4/20,10:36:27,TRD,3649936148,SOLD -14 TSLA @594.76,-0.18,,"8,326.64","28,081.05",,,,,,
12/4/20,11:02:37,TRD,3650354720,BOT +100 GME @16.87,,,"-1,687.00","26,394.05",,,,,,
12/4/20,11:05:02,TRD,3650379685,SOLD -6 GME @16.89,-0.01,,101.34,"26,495.38",,,,,,
12/4/20,11:05:02,TRD,3650379685,SOLD -1 GME @16.89,-0.01,,16.89,"26,512.26",,,,,,
12/4/20,11:05:07,TRD,3650379685,SOLD -93 GME @16.89,-0.04,,"1,570.77","28,082.99",,,,,,
12/4/20,13:11:34,TRD,3651815289,SOLD -200 FSLY @91.8887,-0.43,,"18,377.74","46,460.30",,,,,,
12/4/20,13:13:48,TRD,3651839734,BOT +19 FSLY @91.84,,,"-1,744.96","44,715.34",,,,,,
12/4/20,13:13:48,TRD,3651839734,BOT +50 FSLY @91.84,,,"-4,592.00","40,123.34",,,,,,
12/4/20,13:13:48,TRD,3651839734,BOT +12 FSLY @91.84,,,"-1,102.08","39,021.26",,,,,,
12/4/20,13:13:48,TRD,3651839734,BOT +44 FSLY @91.84,,,"-4,040.96","34,980.30",,,,,,
12/4/20,13:13:48,TRD,3651839734,BOT +75 FSLY @91.84,,,"-6,888.00","28,092.30",,,,,,
12/4/20,13:16:26,TRD,3651865830,SOLD -3 SNOW @386.72,-0.03,,"1,160.16","29,252.43",,,,,,
12/4/20,13:16:30,TRD,3651865830,SOLD -17 SNOW @386.72,-0.15,,"6,574.24","35,826.52",,,,,,
12/4/20,13:18:22,TRD,3651885416,BOT +20 SNOW @387.84,,,"-7,756.80","28,069.72",,,,,,
12/5/20,0:59:59,ADJ,3658794714,courtesy adjustment,,,0.02,"28,069.74",,,,,,
12/5/20,1:00:00,BAL,,Cash balance at the start of business day 05.12 CST,,,,"28,069.74",,,,,,
12/6/20,1:00:00,BAL,,Cash balance at the start of business day 06.12 CST,,,,"28,069.74",,,,,,
12/7/20,1:00:00,BAL,,Cash balance at the start of business day 07.12 CST,,,,"28,069.74",,,,,,
12/7/20,9:32:23,TRD,3655730131,BOT +20 NIO @43.69,,,-873.8,"27,195.94",,,,,,
12/7/20,9:34:24,TRD,3655794062,SOLD -20 NIO @43.80,-0.02,,876,"28,071.92",,,,,,
12/7/20,9:36:19,TRD,3655862115,BOT +200 NIO @44.02,,,"-8,804.00","19,267.92",,,,,,
12/7/20,9:38:23,TRD,3655930116,SOLD -200 NIO @43.8472,-0.21,,"8,769.44","28,037.15",,,,,,
12/7/20,9:43:58,TRD,3656098671,BOT +150 PLTR @25.75973,,,"-3,863.96","24,173.19",,,,,,
12/7/20,9:43:58,TRD,3656098671,BOT +150 PLTR @25.77,,,"-3,865.50","20,307.69",,,,,,
12/7/20,9:46:27,TRD,3656167879,SOLD -300 PLTR @25.3701,-0.21,,"7,611.03","27,918.51",,,,,,
12/7/20,9:58:38,TRD,3656483716,BOT +200 PLTR @25.88,,,"-5,176.00","22,742.51",,,,,,
12/7/20,12:03:23,TRD,3658448803,SOLD -200 PLTR @26.7201,-0.14,,"5,344.02","28,086.39",,,,,,
12/7/20,12:15:17,TRD,3658579156,BOT +100 PLTR @27.2146,,,"-2,721.46","25,364.93",,,,,,
12/7/20,12:15:56,TRD,3658585773,SOLD -100 PLTR @27.2222,-0.07,,"2,722.22","28,087.08",,,,,,
12/8/20,1:00:00,BAL,,Cash balance at the start of business day 08.12 CST,,,,"28,087.08",,,,,,
12/8/20,1:00:00,EFN,3664795132,CLIENT REQUESTED ELECTRONIC FUNDING RECEIPT (FUNDS NOW),,,"5,000.00","33,087.08",,,,,,
12/8/20,1:00:00,JRN,3667743994,MARK TO THE MARKET,,,-13.26,"33,073.82",,,,,,
12/8/20,1:00:00,JRN,3667744085,MARK TO THE MARKET,,,13.26,"33,087.08",,,,,,
12/8/20,9:32:36,TRD,3662228701,BOT +13 NKLA @18.86,,,-245.18,"32,841.90",,,,,,
12/8/20,9:32:36,TRD,3662228701,BOT +100 NKLA @18.86,,,"-1,886.00","30,955.90",,,,,,
12/8/20,9:32:36,TRD,3662228701,BOT +87 NKLA @18.86,,,"-1,640.82","29,315.08",,,,,,
12/8/20,9:34:48,TRD,3662304726,BOT +25 INO @12.22,,,-305.5,"29,009.58",,,,,,
12/8/20,9:34:48,TRD,3662304726,BOT +175 INO @12.22,,,"-2,138.50","26,871.08",,,,,,
12/8/20,9:35:43,TRD,3662337533,SOLD -200 NKLA @18.835,-0.1,,"3,767.00","30,637.98",,,,,,
12/8/20,9:36:05,TRD,3662347390,SOLD -200 INO @12.135,-0.07,,"2,427.00","33,064.91",,,,,,
12/8/20,9:36:56,TRD,3662376785,BOT +30 TSLA @632.73,,,"-18,981.90","14,083.01",,,,,,
12/8/20,9:43:05,TRD,3662576264,BOT +99 FSLY @91.35,,,"-9,043.65","5,039.36",,,,,,
12/8/20,9:44:35,TRD,3662619729,SOLD -99 FSLY @91.38,-0.21,,"9,046.62","14,085.77",,,,,,
12/8/20,9:45:56,TRD,3662656448,BOT +99 FSLY @92.22505,,,"-9,130.28","4,955.49",,,,,,
12/8/20,9:48:12,TRD,3662717355,SOLD -99 FSLY @92.43,-0.21,,"9,150.57","14,105.85",,,,,,
12/8/20,9:49:11,TRD,3662745759,SOLD -30 TSLA @627.29167,-0.42,,"18,818.75","32,924.18",,,,,,
12/8/20,9:51:29,TRD,3662804787,BOT +30 TSLA @631.15,,,"-18,934.50","13,989.68",,,,,,
12/8/20,9:54:11,TRD,3662824368,SOLD -30 TSLA @631.15,-0.42,,"18,934.50","32,923.76",,,,,,
12/8/20,9:54:26,TRD,3662879743,BOT +30 TSLA @630.89833,,,"-18,926.95","13,996.81",,,,,,
12/8/20,9:57:11,TRD,3662946660,SOLD -30 TSLA @632.09933,-0.42,,"18,962.98","32,959.37",,,,,,
12/8/20,9:59:20,TRD,3662997066,BOT +200 FSLY @93.67,,,"-18,734.00","14,225.37",,,,,,
12/8/20,10:02:29,TRD,3663067856,SOLD -146 FSLY @93.69,-0.32,,"13,678.74","27,903.79",,,,,,
12/8/20,10:02:29,TRD,3663067856,SOLD -54 FSLY @93.69,-0.12,,"5,059.26","32,962.93",,,,,,
12/8/20,10:03:47,TRD,3663104177,BOT +25 SNOW @416.99,,,"-10,424.75","22,538.18",,,,,,
12/8/20,10:09:44,TRD,3663240290,SOLD -25 SNOW @418.6952,-0.23,,"10,467.38","33,005.33",,,,,,
12/8/20,10:11:16,TRD,3663277011,BOT +25 SNOW @420.5752,,,"-10,514.38","22,490.95",,,,,,
12/8/20,10:12:19,TRD,3663297969,SOLD -25 SNOW @420.7752,-0.23,,"10,519.38","33,010.10",,,,,,
12/8/20,10:14:07,TRD,3663337337,BOT +30 SNOW @422.965,,,"-12,688.95","20,321.15",,,,,,
12/8/20,10:16:55,TRD,3663394092,SOLD -10 SNOW @418.91,-0.09,,"4,189.10","24,510.16",,,,,,
12/8/20,10:17:34,TRD,3663409632,SOLD -20 SNOW @416.12,-0.18,,"8,322.40","32,832.38",,,,,,
12/8/20,10:20:36,TRD,3663470229,SOLD -200 NIO @46.10,-0.22,,"9,220.00","42,052.16",,,,,,
12/8/20,10:21:17,TRD,3663482279,BOT +200 NIO @46.2999,,,"-9,259.98","32,792.18",,,,,,
12/8/20,10:22:33,TRD,3663511243,SOLD -170 NIO @46.13018,-0.19,,"7,842.13","40,634.12",,,,,,
12/8/20,10:22:33,TRD,3663511243,SOLD -30 NIO @46.13,-0.03,,"1,383.90","42,017.99",,,,,,
12/8/20,10:23:32,TRD,3663528974,BOT +200 NIO @46.1599,,,"-9,231.98","32,786.01",,,,,,
12/8/20,10:25:59,TRD,3663575657,BOT +30 SNOW @422.50,,,"-12,675.00","20,111.01",,,,,,
12/8/20,10:26:55,TRD,3663594167,SOLD -30 SNOW @418.60,-0.28,,"12,558.00","32,668.73",,,,,,
12/8/20,10:33:10,TRD,3663708751,BOT +200 FSLY @97.9295,,,"-19,585.90","13,082.83",,,,,,
12/8/20,10:35:11,TRD,3663741573,SOLD -10 FSLY @97.115,-0.02,,971.15,"14,053.96",,,,,,
12/8/20,10:36:33,TRD,3663764244,SOLD -190 FSLY @98.05642,-0.43,,"18,630.72","32,684.25",,,,,,
12/8/20,12:42:45,TRD,3665230859,BOT +250 ANF @22.39672,,,"-5,599.18","27,085.07",,,,,,
12/8/20,12:53:49,TRD,3665331862,SOLD -200 ANF @22.335,-0.12,,"4,467.00","31,551.95",,,,,,
12/8/20,12:53:49,TRD,3665331862,SOLD -50 ANF @22.335,-0.03,,"1,116.75","32,668.67",,,,,,
12/8/20,12:54:36,TRD,3665341037,BOT +250 ANF @22.35,,,"-5,587.50","27,081.17",,,,,,
12/8/20,12:55:47,TRD,3665351363,SOLD -250 ANF @22.29,-0.15,,"5,572.50","32,653.52",,,,,,
12/8/20,12:56:51,TRD,3665363215,BOT +1 ANF @22.31,,,-22.31,"32,631.21",,,,,,
12/8/20,12:57:08,TRD,3665363271,SOLD -1 ANF @22.31,-0.01,,22.31,"32,653.51",,,,,,
12/8/20,12:57:08,TRD,3665363271,SOLD -9 ANF @22.31,-0.01,,200.79,"32,854.29",,,,,,
12/8/20,12:58:21,TRD,3665375691,BOT +1 ANF @22.31,,,-22.31,"32,831.98",,,,,,
12/8/20,12:58:45,TRD,3665378183,BOT +8 ANF @22.27,,,-178.16,"32,653.82",,,,,,
12/8/20,13:23:15,TRD,3665612039,BOT +250 ANF @22.34992,,,"-5,587.48","27,066.34",,,,,,
12/8/20,14:18:23,TRD,3666113786,BOT +20 ETSY @164.545,,,"-3,290.90","23,775.44",,,,,,
12/8/20,15:02:25,TRD,3666553534,BOT +3 MRNA @167.47,,,-502.41,"23,273.03",,,,,,
12/8/20,15:02:25,TRD,3666553534,BOT +17 MRNA @167.47,,,"-2,846.99","20,426.04",,,,,,
12/8/20,15:48:18,TRD,3666994405,SOLD -10 MRNA @169.06,-0.04,,"1,690.60","22,116.60",,,,,,
12/8/20,15:48:28,TRD,3666994449,SOLD -10 MRNA @169.005,-0.04,,"1,690.05","23,806.61",,,,,,
12/9/20,0:59:59,ADJ,3674397769,Courtesy Adjustment,,,0.02,"23,806.63",,,,,,
12/9/20,1:00:00,BAL,,Cash balance at the start of business day 09.12 CST,,,,"23,806.63",,,,,,
12/9/20,9:35:30,TRD,3668988009,BOT +200 SPCE @34.6026,,,"-6,920.52","16,886.11",,,,,,
12/9/20,9:36:13,TRD,3669008999,SOLD -20 ETSY @162.69,-0.07,,"3,253.80","20,139.84",,,,,,
12/9/20,10:11:17,TRD,3669935764,BOT +500 AAL @18.2498,,,"-9,124.90","11,014.94",,,,,,
12/9/20,11:00:36,TRD,3670812506,SOLD -250 ANF @21.7116,-0.15,,"5,427.90","16,442.69",,,,,,
12/10/20,1:00:00,BAL,,Cash balance at the start of business day 10.12 CST,,,,"16,442.69",,,,,,
12/10/20,1:00:00,JRN,3681878815,MARK TO THE MARKET,,,-46.05,"16,396.64",,,,,,
12/10/20,1:00:00,JRN,3681878908,MARK TO THE MARKET,,,46.05,"16,442.69",,,,,,
12/10/20,9:33:42,TRD,3676333171,BOT +200 NIO @43.26,,,"-8,652.00","7,790.69",,,,,,
12/10/20,9:35:06,TRD,3676384154,SOLD -200 NIO @43.1747,-0.21,,"8,634.94","16,425.42",,,,,,
12/10/20,9:38:15,TRD,3676483117,BOT +10 FSLY @95.67,,,-956.7,"15,468.72",,,,,,
12/10/20,9:38:35,TRD,3676492158,SOLD -10 FSLY @96.19,-0.02,,961.9,"16,430.60",,,,,,
12/10/20,9:42:53,TRD,3676627341,BOT +200 PLTR @27.3499,,,"-5,469.98","10,960.62",,,,,,
12/10/20,9:48:14,TRD,3676758786,SOLD -200 PLTR @26.955,-0.14,,"5,391.00","16,351.48",,,,,,
12/11/20,1:00:00,BAL,,Cash balance at the start of business day 11.12 CST,,,,"16,351.48",,,,,,
12/11/20,9:31:35,TRD,3682962939,BOT +200 SNOW @365.38,,,"-73,076.00","-56,724.52",,,,,,
12/11/20,9:31:59,TRD,3682972395,SOLD -200 SNOW @366.7701,-1.64,,"73,354.02","16,627.86",,,,,,
12/11/20,9:34:13,TRD,3683047332,SOLD -150 NIO @42.2394,-0.16,,"6,335.91","22,963.61",,,,,,
12/11/20,9:35:06,TRD,3683075430,BOT +150 NIO @42.664,,,"-6,399.60","16,564.01",,,,,,
12/11/20,9:37:03,TRD,3683133071,BOT +150 NIO @43.44293,,,"-6,516.44","10,047.57",,,,,,
12/11/20,9:39:27,TRD,3683198597,SOLD -24 NIO @43.45,-0.02,,"1,042.80","11,090.35",,,,,,
12/11/20,9:39:27,TRD,3683198597,SOLD -8 NIO @43.45,-0.01,,347.6,"11,437.94",,,,,,
12/11/20,9:39:27,TRD,3683198597,SOLD -118 NIO @43.45,-0.12,,"5,127.10","16,564.92",,,,,,
12/11/20,9:40:16,TRD,3683224914,BOT +20 TSLA @620.77,,,"-12,415.40","4,149.52",,,,,,
12/11/20,9:42:21,TRD,3683277399,SOLD -20 TSLA @617.655,-0.27,,"12,353.10","16,502.35",,,,,,
12/11/20,10:13:14,TRD,3683989435,BOT +20 SNOW @355.53,,,"-7,110.60","9,391.75",,,,,,
12/11/20,10:14:06,TRD,3684005249,SOLD -20 SNOW @353.64,-0.16,,"7,072.80","16,464.39",,,,,,
12/11/20,10:17:26,TRD,3684069537,BOT +20 SNOW @359.665,,,"-7,193.30","9,271.09",,,,,,
12/11/20,10:18:06,TRD,3684082035,SOLD -20 SNOW @360.01,-0.16,,"7,200.20","16,471.13",,,,,,
12/11/20,10:18:58,TRD,3684094984,BOT +20 SNOW @359.7765,,,"-7,195.53","9,275.60",,,,,,
12/11/20,10:19:34,TRD,3684108217,BOT +20 SNOW @359.108,,,"-7,182.16","2,093.44",,,,,,
12/11/20,10:20:03,TRD,3684113691,SOLD -10 SNOW @359.10,-0.08,,"3,591.00","5,684.36",,,,,,
12/11/20,10:20:46,TRD,3684129919,BOT +10 SNOW @359.64,,,"-3,596.40","2,087.96",,,,,,
12/11/20,10:21:09,TRD,3684135153,SOLD -10 SNOW @360.30,-0.08,,"3,603.00","5,690.88",,,,,,
12/11/20,10:21:37,TRD,3684143138,SOLD -10 SNOW @360.115,-0.08,,"3,601.15","9,291.95",,,,,,
12/11/20,10:21:51,TRD,3684143190,SOLD -10 SNOW @359.81,-0.08,,"3,598.10","12,889.97",,,,,,
12/11/20,10:22:05,TRD,3684149756,SOLD -10 SNOW @360.155,-0.08,,"3,601.55","16,491.44",,,,,,
12/11/20,10:24:15,TRD,3684190918,SOLD -10 SNOW @358.29,-0.08,,"3,582.90","20,074.26",,,,,,
12/11/20,10:25:00,TRD,3684201958,BOT +10 SNOW @358.00,,,"-3,580.00","16,494.26",,,,,,
12/11/20,10:42:15,TRD,3684483588,SOLD -10 NIO @42.75,-0.01,,427.5,"16,921.75",,,,,,
12/11/20,10:42:36,TRD,3684487572,BOT +10 NIO @42.68,,,-426.8,"16,494.95",,,,,,
12/11/20,10:42:52,TRD,3684493540,SOLD -100 NIO @42.665,-0.1,,"4,266.50","20,761.35",,,,,,
12/11/20,10:44:18,TRD,3684515627,BOT +100 NIO @42.595,,,"-4,259.50","16,501.85",,,,,,
12/11/20,10:56:53,TRD,3684705342,SOLD -10 SNOW @355.37,-0.08,,"3,553.70","20,055.47",,,,,,
12/11/20,10:57:48,TRD,3684717080,BOT +10 SNOW @354.645,,,"-3,546.45","16,509.02",,,,,,
12/11/20,11:01:42,TRD,3684774160,BOT +20 SNOW @355.94,,,"-7,118.80","9,390.22",,,,,,
12/11/20,11:03:16,TRD,3684787792,SOLD -20 SNOW @355.94,-0.16,,"7,118.80","16,508.86",,,,,,
12/11/20,11:04:34,TRD,3684815913,SOLD -10 SNOW @353.845,-0.08,,"3,538.45","20,047.23",,,,,,
12/11/20,11:04:53,TRD,3684815998,BOT +10 SNOW @353.37,,,"-3,533.70","16,513.53",,,,,,
12/11/20,11:25:36,TRD,3685077237,BOT +10 SNOW @351.845,,,"-3,518.45","12,995.08",,,,,,
12/11/20,11:26:27,TRD,3685086420,SOLD -10 SNOW @351.85,-0.08,,"3,518.50","16,513.50",,,,,,
12/12/20,1:00:00,BAL,,Cash balance at the start of business day 12.12 CST,,,,"16,513.50",,,,,,
12/13/20,1:00:00,BAL,,Cash balance at the start of business day 13.12 CST,,,,"16,513.50",,,,,,
12/14/20,1:00:00,BAL,,Cash balance at the start of business day 14.12 CST,,,,"16,513.50",,,,,,
12/14/20,9:36:19,TRD,3690199324,SOLD -22 SNOW @342.11,-0.17,,"7,526.42","24,039.75",,,,,,
12/14/20,9:39:30,TRD,3690267763,BOT +22 SNOW @342.10,,,"-7,526.20","16,513.55",,,,,,
12/14/20,9:40:13,TRD,3690316388,BOT +200 PLTR @28.1098,,,"-5,621.96","10,891.59",,,,,,
12/14/20,9:42:49,TRD,3690393312,SOLD -200 PLTR @27.903,-0.14,,"5,580.60","16,472.05",,,,,,
12/14/20,9:48:02,TRD,3690536396,BOT +20 LULU @347.82,,,"-6,956.40","9,515.65",,,,,,
12/14/20,9:50:24,TRD,3690598536,SOLD -20 LULU @348.4275,-0.15,,"6,968.55","16,484.05",,,,,,
12/14/20,9:58:02,TRD,3690789133,SOLD -300 AAL @17.3022,-0.15,,"5,190.66","21,674.56",,,,,,
,,,,TOTAL,($22.48),,"$21,697.04","$21,674.56",,,,,,
,,,,,,,,,,,,,,
Futures Statements,,,,,,,,,,,,,,
Trade Date,Exec Date,Exec Time,Type,Ref #,Description,Misc Fees,Commissions & Fees,Amount,Balance,,,,,
,,,,,,,,,,,,,,
Forex Statements,,,,,,,,,,,,,,
,Date,Time,Type,Ref #,Description,Commissions & Fees,Amount,Amount(USD),Balance,,,,,
,,,,,,,,,,,,,,
 ,,,,,,,,,,,,,,
"Total Cash $21,674.56",,,,,,,,,,,,,,
,,,,,,,,,,,,,,
,,,,,,,,,,,,,,
Account Order History,,,,,,,,,,,,,,
Notes,,Time Placed,Spread,Side,Qty,Pos Effect,Symbol,Exp,Strike,Type,PRICE,,TIF,Status
,,12/14/20 9:58,STOCK,SELL,-300,TO CLOSE,AAL,,,STOCK,~,MKT,DAY,FILLED
,,12/14/20 9:50,STOCK,SELL,-20,TO CLOSE,LULU,,,STOCK,~,MKT,DAY,FILLED
,,12/14/20 9:48,STOCK,BUY,20,TO OPEN,LULU,,,STOCK,~,MKT,DAY,FILLED
,,12/14/20 9:42,STOCK,SELL,-200,TO CLOSE,PLTR,,,STOCK,~,MKT,DAY,FILLED
,,12/14/20 9:42,STOCK,SELL,-200,TO CLOSE,PLTR,,,STOCK,28.12,LMT,DAY,CANCELED
,,12/14/20 9:40,STOCK,BUY,200,TO OPEN,PLTR,,,STOCK,~,MKT,DAY,FILLED
,,12/14/20 9:38,STOCK,BUY,22,TO CLOSE,SNOW,,,STOCK,342.1,LMT,DAY,FILLED
,,12/14/20 9:36,STOCK,SELL,-22,TO OPEN,SNOW,,,STOCK,~,MKT,DAY,FILLED
,,12/11/20 11:26,STOCK,SELL,-10,TO CLOSE,SNOW,,,STOCK,351.85,LMT,DAY,FILLED
,,12/11/20 11:25,STOCK,BUY,10,TO OPEN,SNOW,,,STOCK,~,MKT,DAY,FILLED
,,12/11/20 11:23,STOCK,SELL,-20,TO OPEN,SNOW,,,STOCK,351.95,LMT,DAY,CANCELED
,,12/11/20 11:22,STOCK,SELL,-10,TO OPEN,SNOW,,,STOCK,351.66,LMT,DAY,CANCELED
,,12/11/20 11:04,STOCK,BUY,10,TO CLOSE,SNOW,,,STOCK,~,MKT,DAY,FILLED
,,12/11/20 11:04,STOCK,SELL,-10,TO OPEN,SNOW,,,STOCK,~,MKT,DAY,FILLED
,,12/11/20 11:02,STOCK,SELL,-20,TO CLOSE,SNOW,,,STOCK,355.94,LMT,DAY,FILLED
,,12/11/20 11:01,STOCK,BUY,20,TO OPEN,SNOW,,,STOCK,~,MKT,DAY,FILLED
,,12/11/20 10:57,STOCK,BUY,10,TO CLOSE,SNOW,,,STOCK,~,MKT,DAY,FILLED
,,12/11/20 10:56,STOCK,SELL,-10,TO OPEN,SNOW,,,STOCK,~,MKT,DAY,FILLED
,,12/11/20 10:44,STOCK,BUY,100,TO CLOSE,NIO,,,STOCK,42.61,LMT,DAY,FILLED
,,12/11/20 10:42,STOCK,SELL,-100,TO OPEN,NIO,,,STOCK,~,MKT,DAY,FILLED
,,12/11/20 10:42,STOCK,BUY,10,TO CLOSE,NIO,,,STOCK,~,MKT,DAY,FILLED
,,12/11/20 10:42,STOCK,SELL,-10,TO OPEN,NIO,,,STOCK,~,MKT,DAY,FILLED
,,12/11/20 10:25,STOCK,BUY,10,TO CLOSE,SNOW,,,STOCK,~,MKT,DAY,FILLED
,,12/11/20 10:24,STOCK,SELL,-10,TO OPEN,SNOW,,,STOCK,~,MKT,DAY,FILLED
,,12/11/20 10:22,STOCK,SELL,-10,TO CLOSE,SNOW,,,STOCK,~,MKT,DAY,FILLED
,,12/11/20 10:21,STOCK,SELL,-10,TO CLOSE,SNOW,,,STOCK,~,MKT,DAY,FILLED
,,12/11/20 10:21,STOCK,SELL,-10,TO CLOSE,SNOW,,,STOCK,~,MKT,DAY,FILLED
,,12/11/20 10:21,STOCK,SELL,-10,TO CLOSE,SNOW,,,STOCK,~,MKT,DAY,FILLED
,,12/11/20 10:20,STOCK,BUY,10,TO OPEN,SNOW,,,STOCK,~,MKT,DAY,FILLED
,,12/11/20 10:20,STOCK,SELL,-10,TO CLOSE,SNOW,,,STOCK,~,MKT,DAY,FILLED
,,12/11/20 10:19,STOCK,BUY,20,TO OPEN,SNOW,,,STOCK,~,MKT,DAY,FILLED
,,12/11/20 10:18,STOCK,BUY,20,TO OPEN,SNOW,,,STOCK,~,MKT,DAY,FILLED
,,12/11/20 10:18,STOCK,SELL,-20,TO CLOSE,SNOW,,,STOCK,359.73,LMT,DAY,FILLED
,,12/11/20 10:17,STOCK,BUY,20,TO OPEN,SNOW,,,STOCK,~,MKT,DAY,FILLED
,,12/11/20 10:16,STOCK,BUY,20,TO OPEN,SNOW,,,STOCK,357.86,LMT,DAY,CANCELED
,,12/11/20 10:14,STOCK,SELL,-20,TO CLOSE,SNOW,,,STOCK,~,MKT,DAY,FILLED
,,12/11/20 10:13,STOCK,BUY,20,TO OPEN,SNOW,,,STOCK,~,MKT,DAY,FILLED
,,12/11/20 9:42,STOCK,SELL,-20,TO CLOSE,TSLA,,,STOCK,~,MKT,DAY,FILLED
,,12/11/20 9:42,STOCK,SELL,-20,TO CLOSE,TSLA,,,STOCK,620.77,LMT,DAY,CANCELED
,,12/11/20 9:40,STOCK,BUY,20,TO OPEN,TSLA,,,STOCK,~,MKT,DAY,FILLED
,,12/11/20 9:39,STOCK,SELL,-150,TO CLOSE,NIO,,,STOCK,43.45,LMT,DAY,FILLED
,,12/11/20 9:37,STOCK,BUY,150,TO OPEN,NIO,,,STOCK,~,MKT,DAY,FILLED
,,12/11/20 9:35,STOCK,BUY,150,TO CLOSE,NIO,,,STOCK,~,MKT,DAY,FILLED
,,12/11/20 9:34,STOCK,SELL,-150,TO OPEN,NIO,,,STOCK,~,MKT,DAY,FILLED
,,12/11/20 9:31,STOCK,SELL,-200,TO CLOSE,SNOW,,,STOCK,~,MKT,DAY,FILLED
,,12/11/20 9:31,STOCK,BUY,200,TO OPEN,SNOW,,,STOCK,365.38,LMT,DAY,FILLED
,,12/10/20 9:48,STOCK,SELL,-200,TO CLOSE,PLTR,,,STOCK,~,MKT,DAY,FILLED
,,12/10/20 9:43,STOCK,SELL,-200,TO CLOSE,PLTR,,,STOCK,27.35,LMT,DAY,CANCELED
,,12/10/20 9:42,STOCK,BUY,200,TO OPEN,PLTR,,,STOCK,~,MKT,DAY,FILLED
,,12/10/20 9:41,STOCK,BUY,200,TO OPEN,PLTR,,,STOCK,26.92,LMT,DAY,CANCELED
,,12/10/20 9:38,STOCK,SELL,-10,TO CLOSE,FSLY,,,STOCK,~,MKT,DAY,FILLED
,,12/10/20 9:38,STOCK,BUY,10,TO OPEN,FSLY,,,STOCK,~,MKT,DAY,FILLED
,,12/10/20 9:38,STOCK,BUY,200,TO OPEN,FSLY,,,STOCK,94.95,LMT,DAY,CANCELED
,,12/10/20 9:35,STOCK,SELL,-200,TO CLOSE,NIO,,,STOCK,~,MKT,DAY,FILLED
,,12/10/20 9:33,STOCK,BUY,200,TO OPEN,NIO,,,STOCK,43.26,LMT,DAY,FILLED
,,12/9/20 11:00,STOCK,SELL,-250,TO CLOSE,ANF,,,STOCK,~,MKT,DAY,FILLED
,,12/9/20 10:11,STOCK,BUY,500,TO OPEN,AAL,,,STOCK,~,MKT,DAY,FILLED
,,12/9/20 9:36,STOCK,SELL,-20,TO CLOSE,ETSY,,,STOCK,~,MKT,DAY,FILLED
,,12/9/20 9:35,STOCK,BUY,200,TO OPEN,SPCE,,,STOCK,34.73,LMT,DAY,FILLED
,,12/9/20 9:32,STOCK,BUY,200,TO OPEN,SPCE,,,STOCK,34.44,LMT,DAY,CANCELED
,,12/8/20 16:15,STOCK,SELL,-250,TO CLOSE,ANF,,,STOCK,~,MKT,DAY,CANCELED
,,12/8/20 15:48,STOCK,SELL,-10,TO CLOSE,MRNA,,,STOCK,~,MKT,DAY,FILLED
,,12/8/20 15:48,STOCK,SELL,-10,TO CLOSE,MRNA,,,STOCK,~,MKT,DAY,FILLED
,,12/8/20 15:02,STOCK,BUY,20,TO OPEN,MRNA,,,STOCK,167.47,LMT,DAY,FILLED
,,12/8/20 14:18,STOCK,BUY,20,TO OPEN,ETSY,,,STOCK,~,MKT,DAY,FILLED
,,12/8/20 13:23,STOCK,BUY,250,TO OPEN,ANF,,,STOCK,~,MKT,DAY,FILLED
,,12/8/20 12:58,STOCK,BUY,8,TO CLOSE,ANF,,,STOCK,~,MKT,DAY,FILLED
,,12/8/20 12:58,STOCK,BUY,1,TO CLOSE,ANF,,,STOCK,22.31,LMT,DAY,FILLED
,,12/8/20 12:57,STOCK,SELL,-9,TO OPEN,ANF,,,STOCK,21.94,LMT,DAY,FILLED
,,12/8/20 12:57,STOCK,SELL,-1,TO CLOSE,ANF,,,STOCK,21.94,LMT,DAY,FILLED
,,12/8/20 12:56,STOCK,BUY,1,TO OPEN,ANF,,,STOCK,~,MKT,DAY,FILLED
,,12/8/20 12:55,STOCK,SELL,-250,TO CLOSE,ANF,,,STOCK,21.9,LMT,DAY,FILLED
,,12/8/20 12:54,STOCK,BUY,250,TO OPEN,ANF,,,STOCK,~,MKT,DAY,FILLED
,,12/8/20 12:53,STOCK,SELL,-250,TO CLOSE,ANF,,,STOCK,21.94,LMT,DAY,FILLED
,,12/8/20 12:42,STOCK,BUY,250,TO OPEN,ANF,,,STOCK,~,MKT,DAY,FILLED
,,12/8/20 10:57,STOCK,BUY,300,TO OPEN,PLTR,,,STOCK,29.3,LMT,DAY,CANCELED
,,12/8/20 10:36,STOCK,SELL,-190,TO CLOSE,FSLY,,,STOCK,~,MKT,DAY,FILLED
,,12/8/20 10:35,STOCK,SELL,-10,TO CLOSE,FSLY,,,STOCK,~,MKT,DAY,FILLED
,,12/8/20 10:33,STOCK,BUY,200,TO OPEN,FSLY,,,STOCK,~,MKT,DAY,FILLED
,,12/8/20 10:26,STOCK,SELL,-30,TO CLOSE,SNOW,,,STOCK,~,MKT,DAY,FILLED
,,12/8/20 10:25,STOCK,BUY,30,TO OPEN,SNOW,,,STOCK,~,MKT,DAY,FILLED
,,12/8/20 10:23,STOCK,BUY,200,TO CLOSE,NIO,,,STOCK,~,MKT,DAY,FILLED
,,12/8/20 10:22,STOCK,SELL,-200,TO OPEN,NIO,,,STOCK,~,MKT,DAY,FILLED
,,12/8/20 10:21,STOCK,BUY,200,TO CLOSE,NIO,,,STOCK,~,MKT,DAY,FILLED
,,12/8/20 10:20,STOCK,SELL,-200,TO OPEN,NIO,,,STOCK,~,MKT,DAY,FILLED
,,12/8/20 10:17,STOCK,SELL,-20,TO CLOSE,SNOW,,,STOCK,~,MKT,DAY,FILLED
,,12/8/20 10:16,STOCK,SELL,-10,TO CLOSE,SNOW,,,STOCK,~,MKT,DAY,FILLED
,,12/8/20 10:14,STOCK,BUY,30,TO OPEN,SNOW,,,STOCK,423.48,LMT,DAY,FILLED
,,12/8/20 10:12,STOCK,SELL,-25,TO CLOSE,SNOW,,,STOCK,~,MKT,DAY,FILLED
,,12/8/20 10:11,STOCK,BUY,25,TO OPEN,SNOW,,,STOCK,~,MKT,DAY,FILLED
,,12/8/20 10:09,STOCK,SELL,-25,TO CLOSE,SNOW,,,STOCK,~,MKT,DAY,FILLED
,,12/8/20 10:03,STOCK,BUY,25,TO OPEN,SNOW,,,STOCK,~,MKT,DAY,FILLED
,,12/8/20 10:02,STOCK,SELL,-200,TO CLOSE,FSLY,,,STOCK,93.69,LMT,DAY,FILLED
,,12/8/20 10:01,STOCK,SELL,-200,TO CLOSE,FSLY,,,STOCK,93.73,LMT,DAY,CANCELED
,,12/8/20 9:59,STOCK,BUY,200,TO OPEN,FSLY,,,STOCK,93.67,LMT,DAY,FILLED
,,12/8/20 9:57,STOCK,SELL,-30,TO CLOSE,TSLA,,,STOCK,~,MKT,DAY,FILLED
,,12/8/20 9:54,STOCK,BUY,30,TO OPEN,TSLA,,,STOCK,~,MKT,DAY,FILLED
,,12/8/20 9:52,STOCK,SELL,-30,TO CLOSE,TSLA,,,STOCK,631.15,LMT,DAY,FILLED
,,12/8/20 9:51,STOCK,BUY,30,TO OPEN,TSLA,,,STOCK,~,MKT,DAY,FILLED
,,12/8/20 9:49,STOCK,SELL,-30,TO CLOSE,TSLA,,,STOCK,~,MKT,DAY,FILLED
,,12/8/20 9:48,STOCK,SELL,-99,TO CLOSE,FSLY,,,STOCK,92.09,LMT,DAY,FILLED
,,12/8/20 9:45,STOCK,BUY,99,TO OPEN,FSLY,,,STOCK,~,MKT,DAY,FILLED
,,12/8/20 9:44,STOCK,SELL,-99,TO CLOSE,FSLY,,,STOCK,~,MKT,DAY,FILLED
,,12/8/20 9:43,STOCK,BUY,99,TO OPEN,FSLY,,,STOCK,~,MKT,DAY,FILLED
,,12/8/20 9:36,STOCK,BUY,30,TO OPEN,TSLA,,,STOCK,~,MKT,DAY,FILLED
,,12/8/20 9:36,STOCK,SELL,-200,TO CLOSE,INO,,,STOCK,~,MKT,DAY,FILLED
,,12/8/20 9:35,STOCK,SELL,-200,TO CLOSE,NKLA,,,STOCK,~,MKT,DAY,FILLED
,,12/8/20 9:34,STOCK,BUY,200,TO OPEN,INO,,,STOCK,12.22,LMT,DAY,FILLED
,,12/8/20 9:32,STOCK,BUY,200,TO OPEN,NKLA,,,STOCK,18.86,LMT,DAY,FILLED
,,12/7/20 12:15,STOCK,SELL,-100,TO CLOSE,PLTR,,,STOCK,~,MKT,DAY,FILLED
,,12/7/20 12:15,STOCK,BUY,100,TO OPEN,PLTR,,,STOCK,~,MKT,DAY,FILLED
,,12/7/20 12:15,STOCK,BUY,100,TO OPEN,PLTR,,,STOCK,27.11,LMT,DAY,CANCELED
,,12/7/20 12:03,STOCK,SELL,-200,TO CLOSE,PLTR,,,STOCK,~,MKT,DAY,FILLED
,,12/7/20 9:58,STOCK,BUY,200,TO OPEN,PLTR,,,STOCK,25.88,LMT,DAY,FILLED
,,12/7/20 9:46,STOCK,SELL,-300,TO CLOSE,PLTR,,,STOCK,~,MKT,DAY,FILLED
,,12/7/20 9:43,STOCK,BUY,300,TO OPEN,PLTR,,,STOCK,~,MKT,DAY,FILLED
,,12/7/20 9:43,STOCK,BUY,300,TO OPEN,PLTR,,,STOCK,25.64,LMT,DAY,CANCELED
,,12/7/20 9:38,STOCK,SELL,-200,TO CLOSE,NIO,,,STOCK,~,MKT,DAY,FILLED
,,12/7/20 9:36,STOCK,BUY,200,TO OPEN,NIO,,,STOCK,44.02,LMT,DAY,FILLED
,,12/7/20 9:34,STOCK,SELL,-20,TO CLOSE,NIO,,,STOCK,~,MKT,DAY,FILLED
,,12/7/20 9:32,STOCK,BUY,20,TO OPEN,NIO,,,STOCK,~,MKT,DAY,FILLED
,,12/4/20 13:18,STOCK,BUY,20,TO CLOSE,SNOW,,,STOCK,~,MKT,DAY,FILLED
,,12/4/20 13:17,STOCK,BUY,20,TO CLOSE,SNOW,,,STOCK,386.72,LMT,DAY,CANCELED
,,12/4/20 13:16,STOCK,SELL,-20,TO OPEN,SNOW,,,STOCK,386.72,LMT,DAY,FILLED
,,12/4/20 13:13,STOCK,BUY,200,TO CLOSE,FSLY,,,STOCK,91.84,LMT,DAY,FILLED
,,12/4/20 13:11,STOCK,SELL,-200,TO OPEN,FSLY,,,STOCK,~,MKT,DAY,FILLED
,,12/4/20 11:04,STOCK,SELL,-100,TO CLOSE,GME,,,STOCK,16.89,LMT,DAY,FILLED
,,12/4/20 11:02,STOCK,BUY,100,TO OPEN,GME,,,STOCK,16.88,LMT,DAY,FILLED
,,12/4/20 10:36,STOCK,SELL,-20,TO CLOSE,TSLA,,,STOCK,~,MKT,DAY,FILLED
,,12/4/20 10:34,STOCK,BUY,20,TO OPEN,TSLA,,,STOCK,~,MKT,DAY,FILLED
,,12/4/20 10:29,STOCK,SELL,-20,TO CLOSE,TSLA,,,STOCK,~,MKT,DAY,FILLED
,,12/4/20 10:29,STOCK,SELL,-20,TO CLOSE,TSLA,,,STOCK,594.61,LMT,DAY,CANCELED
,,12/4/20 10:18,STOCK,BUY,20,TO OPEN,TSLA,,,STOCK,~,MKT,DAY,FILLED
,,12/4/20 9:56,STOCK,SELL,-100,TO CLOSE,NIO,,,STOCK,~,MKT,DAY,FILLED
,,12/4/20 9:54,STOCK,BUY,100,TO OPEN,NIO,,,STOCK,43.91,LMT,DAY,FILLED
,,12/4/20 9:43,STOCK,SELL,-100,TO CLOSE,GME,,,STOCK,~,MKT,DAY,FILLED
,,12/4/20 9:30,STOCK,BUY,100,TO OPEN,GME,,,STOCK,16.34,LMT,DAY,FILLED
,,12/3/20 14:06,STOCK,SELL,-500,TO CLOSE,NIO,,,STOCK,~,MKT,DAY,FILLED
,,12/3/20 14:05,STOCK,SELL,-500,TO CLOSE,NIO,,,STOCK,46.57,LMT,DAY,CANCELED
,,12/3/20 9:32,STOCK,BUY,500,TO OPEN,NIO,,,STOCK,48.58,LMT,DAY,FILLED
,,12/2/20 15:07,STOCK,BUY,100,TO CLOSE,BB,,,STOCK,~,MKT,DAY,FILLED
,,12/2/20 15:07,STOCK,SELL,-100,TO OPEN,BB,,,STOCK,~,MKT,DAY,FILLED
,,12/2/20 14:59,STOCK,BUY,20,TO CLOSE,SPOT,,,STOCK,~,MKT,DAY,FILLED
,,12/2/20 14:57,STOCK,SELL,-20,TO OPEN,SPOT,,,STOCK,~,MKT,DAY,FILLED
,,12/2/20 14:55,STOCK,SELL,-20,TO CLOSE,SPOT,,,STOCK,~,MKT,DAY,FILLED
,,12/2/20 14:54,STOCK,BUY,20,TO OPEN,SPOT,,,STOCK,316.02,LMT,DAY,FILLED
,,12/2/20 14:52,STOCK,SELL,-20,TO CLOSE,SPOT,,,STOCK,314.67,LMT,DAY,FILLED
,,12/2/20 14:51,STOCK,BUY,20,TO OPEN,SPOT,,,STOCK,314.46,LMT,DAY,FILLED
,,12/2/20 12:03,STOCK,SELL,-30,TO CLOSE,TSLA,,,STOCK,569.75,LMT,DAY,FILLED
,,12/2/20 10:22,STOCK,BUY,30,TO OPEN,TSLA,,,STOCK,569.75,LMT,DAY,FILLED
,,12/2/20 10:17,STOCK,SELL,-200,TO CLOSE,INO,,,STOCK,12.2,LMT,DAY,FILLED
,,12/2/20 10:17,STOCK,BUY,200,TO OPEN,INO,,,STOCK,~,MKT,DAY,FILLED
,,12/2/20 10:14,STOCK,SELL,-30,TO CLOSE,TSLA,,,STOCK,565.83,LMT,DAY,FILLED
,,12/2/20 10:13,STOCK,BUY,30,TO OPEN,TSLA,,,STOCK,~,MKT,DAY,FILLED
,,12/2/20 10:11,STOCK,BUY,30,TO OPEN,TSLA,,,STOCK,561.32,LMT,DAY,CANCELED
,,12/2/20 10:09,STOCK,SELL,-33,TO CLOSE,TSLA,,,STOCK,560.97,LMT,DAY,FILLED
,,12/2/20 10:06,STOCK,SELL,-33,TO CLOSE,TSLA,,,STOCK,561.5,LMT,DAY,CANCELED
,,12/2/20 10:00,STOCK,SELL,-200,TO CLOSE,NIO,,,STOCK,~,MKT,DAY,FILLED
,,12/2/20 9:54,STOCK,BUY,200,TO OPEN,NIO,,,STOCK,42.77,LMT,DAY,FILLED
,,12/2/20 9:48,STOCK,SELL,-180,TO CLOSE,WKHS,,,STOCK,~,MKT,DAY,FILLED
,,12/2/20 9:48,STOCK,SELL,-20,TO CLOSE,WKHS,,,STOCK,~,MKT,DAY,FILLED
,,12/2/20 9:47,STOCK,BUY,200,TO OPEN,WKHS,,,STOCK,~,MKT,DAY,FILLED
,,12/2/20 9:47,STOCK,BUY,200,TO OPEN,WKHS,,,STOCK,20.42,LMT,DAY,CANCELED
,,12/2/20 9:42,STOCK,SELL,-100,TO CLOSE,GME,,,STOCK,~,MKT,DAY,FILLED
,,12/2/20 9:38,STOCK,BUY,210,TO CLOSE,NIO,,,STOCK,~,MKT,DAY,FILLED
,,12/2/20 9:38,STOCK,SELL,-10,TO OPEN,NIO,,,STOCK,~,MKT,DAY,FILLED
,,12/2/20 9:36,STOCK,BUY,100,TO OPEN,GME,,,STOCK,~,MKT,DAY,FILLED
,,12/2/20 9:33,STOCK,SELL,-200,TO OPEN,NIO,,,STOCK,~,MKT,DAY,FILLED
,,12/2/20 9:31,STOCK,BUY,33,TO OPEN,TSLA,,,STOCK,~,MKT,DAY,FILLED
,,12/1/20 10:26,STOCK,SELL,-500,TO CLOSE,GME,,,STOCK,~,MKT,DAY,FILLED
,,12/1/20 10:26,STOCK,SELL,-500,TO CLOSE,GME,,,STOCK,16.15,LMT,DAY,CANCELED
,,12/1/20 10:24,STOCK,SELL,-500,TO CLOSE,GME,,,STOCK,16.28,LMT,DAY,CANCELED
,,12/1/20 10:22,STOCK,BUY,500,TO OPEN,GME,,,STOCK,~,MKT,DAY,FILLED
,,12/1/20 9:57,STOCK,SELL,-30,TO CLOSE,TSLA,,,STOCK,~,MKT,DAY,FILLED
,,12/1/20 9:54,STOCK,BUY,30,TO OPEN,TSLA,,,STOCK,~,MKT,DAY,FILLED
,,12/1/20 9:48,STOCK,SELL,-490,TO CLOSE,RIOT,,,STOCK,8.64,LMT,DAY,FILLED
,,12/1/20 9:46,STOCK,SELL,-10,TO CLOSE,RIOT,,,STOCK,~,MKT,DAY,FILLED
,,12/1/20 9:44,STOCK,SELL,-500,TO CLOSE,NNDM,,,STOCK,6.74,LMT,DAY,FILLED
,,12/1/20 9:43,STOCK,SELL,-500,TO CLOSE,NNDM,,,STOCK,6.79,LMT,DAY,CANCELED
,,12/1/20 9:39,STOCK,BUY,500,TO OPEN,NNDM,,,STOCK,~,MKT,DAY,FILLED
,,11/30/20 15:38,STOCK,BUY,500,TO OPEN,RIOT,,,STOCK,8.2,LMT,DAY,FILLED
,,11/27/20 11:37,STOCK,BUY,100,TO OPEN,ASAN,,,STOCK,27.94,LMT,DAY,CANCELED
,,11/27/20 11:34,STOCK,SELL,-78,TO CLOSE,FSLY,,,STOCK,~,MKT,DAY,FILLED
,,11/27/20 11:32,STOCK,BUY,100,TO OPEN,FSLY,,,STOCK,85.06,LMT,DAY,(+22) CANCELED
,,11/27/20 11:30,STOCK,SELL,-300,TO CLOSE,INO,,,STOCK,11.42,LMT,DAY,FILLED
,,11/27/20 11:28,STOCK,BUY,300,TO OPEN,INO,,,STOCK,11.41,LMT,DAY,FILLED
,,11/27/20 11:01,STOCK,SELL,-50,TO CLOSE,NFLX,,,STOCK,488.53,LMT,DAY,FILLED
,,11/27/20 11:01,STOCK,BUY,50,TO OPEN,NFLX,,,STOCK,~,MKT,DAY,FILLED
,,11/27/20 10:12,STOCK,SELL,-500,TO CLOSE,SAVE,,,STOCK,~,MKT,DAY,FILLED
,,11/27/20 10:12,STOCK,SELL,-500,TO CLOSE,SAVE,,,STOCK,23.18,LMT,DAY,CANCELED
,,11/27/20 10:11,STOCK,BUY,500,TO OPEN,SAVE,,,STOCK,~,MKT,DAY,FILLED
,,11/27/20 10:05,STOCK,SELL,-400,TO CLOSE,AAL,,,STOCK,15.33,LMT,DAY,FILLED
,,11/27/20 10:04,STOCK,BUY,400,TO OPEN,AAL,,,STOCK,~,MKT,DAY,FILLED
,,11/27/20 9:50,STOCK,BUY,250,TO OPEN,PFE,,,STOCK,37.16,LMT,DAY,CANCELED
,,11/27/20 9:40,STOCK,SELL,-500,TO CLOSE,WORK,,,STOCK,39.88,LMT,DAY,FILLED
,,11/27/20 9:38,STOCK,BUY,500,TO OPEN,WORK,,,STOCK,39.36,LMT,DAY,FILLED
,,11/27/20 9:35,STOCK,BUY,300,TO OPEN,LI,,,STOCK,41.56,LMT,DAY,CANCELED
,,11/27/20 9:34,STOCK,BUY,300,TO OPEN,LI,,,STOCK,41.43,LMT,DAY,CANCELED
,,11/25/20 10:31,STOCK,BUY,300,TO OPEN,PLTR,,,STOCK,25.76,LMT,DAY,CANCELED
,,11/25/20 10:29,STOCK,SELL,-300,TO CLOSE,PLTR,,,STOCK,25.58,LMT,DAY,FILLED
,,11/25/20 9:54,STOCK,SELL,-100,TO CLOSE,PFE,,,STOCK,~,MKT,DAY,FILLED
,,,RE #3609027787,,,,,,,,,,,
,,11/25/20 9:54,STOCK,SELL,-100%,TO CLOSE,PFE,,,STOCK,~,MKT,DAY,TRIGGERED
,,11/25/20 9:52,STOCK,BUY,100,TO OPEN,PFE,,,STOCK,36.36,LMT,DAY,FILLED
,,11/25/20 9:41,STOCK,BUY,300,TO OPEN,PLTR,,,STOCK,25.46,LMT,DAY,FILLED
,,11/25/20 9:39,STOCK,SELL,-200,TO CLOSE,NIO,,,STOCK,51.12,LMT,DAY,FILLED
,,11/25/20 9:33,STOCK,BUY,200,TO OPEN,NIO,,,STOCK,~,MKT,DAY,FILLED
,,11/24/20 12:14,STOCK,SELL,-200,TO CLOSE,NKLA,,,STOCK,35.16,LMT,DAY,FILLED
,,11/24/20 12:13,STOCK,BUY,200,TO OPEN,NKLA,,,STOCK,~,MKT,DAY,FILLED
,,11/24/20 12:04,STOCK,SELL,-200,TO CLOSE,NKLA,,,STOCK,34.9,LMT,DAY,FILLED
,,11/24/20 12:01,STOCK,BUY,200,TO OPEN,NKLA,,,STOCK,~,MKT,DAY,FILLED
,,11/24/20 11:54,STOCK,SELL,-200,TO CLOSE,UA,,,STOCK,14.94,LMT,DAY,FILLED
,,11/24/20 11:52,STOCK,BUY,200,TO OPEN,UA,,,STOCK,~,MKT,DAY,FILLED
,,11/24/20 11:52,STOCK,BUY,200,TO OPEN,UA,,,STOCK,14.92,LMT,DAY,CANCELED
,,11/24/20 11:33,STOCK,SELL,-320,TO CLOSE,LI,,,STOCK,45.81,LMT,DAY,FILLED
,,11/24/20 11:20,STOCK,BUY,320,TO OPEN,LI,,,STOCK,~,MKT,DAY,FILLED
,,11/24/20 11:19,STOCK,BUY,340,TO OPEN,LI,,,STOCK,46.47,LMT,DAY,CANCELED
,,11/24/20 10:12,STOCK,SELL,-300,TO CLOSE,CCL,,,STOCK,~,MKT,DAY,FILLED
,,11/24/20 10:11,STOCK,SELL,-300,TO CLOSE,LI,,,STOCK,~,MKT,DAY,FILLED
,,11/24/20 10:10,STOCK,SELL,-300,TO CLOSE,LI,,,STOCK,46.46,LMT,DAY,CANCELED
,,11/24/20 10:07,STOCK,BUY,300,TO OPEN,LI,,,STOCK,~,MKT,DAY,FILLED
,,11/24/20 9:59,STOCK,BUY,300,TO OPEN,CCL,,,STOCK,20.35,LMT,DAY,FILLED
,,11/24/20 9:46,STOCK,SELL,-100,TO CLOSE,OXY,,,STOCK,~,MKT,DAY,FILLED
,,11/24/20 9:42,STOCK,BUY,100,TO OPEN,OXY,,,STOCK,17,LMT,DAY,FILLED
,,11/24/20 9:30,STOCK,SELL,-10,TO CLOSE,FTEK,,,STOCK,~,MKT,DAY,FILLED
,,11/24/20 9:30,STOCK,BUY,10,TO OPEN,FTEK,,,STOCK,~,MKT,DAY,FILLED
,,11/23/20 15:25,STOCK,SELL,-250,TO CLOSE,BLNK,,,STOCK,31.52,LMT,DAY,FILLED
,,11/23/20 15:23,STOCK,SELL,-250,TO CLOSE,BLNK,,,STOCK,31.52,LMT,DAY,CANCELED
,,,RE #3599490749,,,,,,,,,,,
,,11/23/20 15:21,STOCK,SELL,-250,TO CLOSE,BLNK,,,STOCK,31.55,LMT,DAY,CANCELED
,,11/23/20 15:15,STOCK,SELL,-250,TO CLOSE,BLNK,,,STOCK,31.7,LMT,DAY,CANCELED
,,11/23/20 15:14,STOCK,BUY,250,TO OPEN,BLNK,,,STOCK,31.51,LMT,DAY,FILLED
,,11/23/20 15:13,STOCK,SELL,-100,TO CLOSE,BLNK,,,STOCK,31.14,LMT,DAY,FILLED
,,11/23/20 15:12,STOCK,BUY,100,TO OPEN,BLNK,,,STOCK,~,MKT,DAY,FILLED
,,11/23/20 15:11,STOCK,BUY,100,TO OPEN,BLNK,,,STOCK,30.97,LMT,DAY,CANCELED
,,11/23/20 14:32,STOCK,BUY,300,TO OPEN,LI,,,STOCK,42.55,LMT,DAY,CANCELED
,,11/23/20 14:16,STOCK,SELL,-200,TO CLOSE,XPEV,,,STOCK,~,MKT,DAY,FILLED
,,11/23/20 14:15,STOCK,SELL,-200,TO CLOSE,XPEV,,,STOCK,65.69,LMT,DAY,CANCELED
,,11/23/20 14:13,STOCK,BUY,200,TO OPEN,XPEV,,,STOCK,65.22,LMT,DAY,FILLED
,,11/23/20 14:04,STOCK,SELL,-8,TO CLOSE,ROKU,,,STOCK,~,MKT,DAY,FILLED
,,11/23/20 14:04,STOCK,BUY,8,TO OPEN,ROKU,,,STOCK,~,MKT,DAY,FILLED
,,11/23/20 14:04,STOCK,BUY,2,TO CLOSE,ROKU,,,STOCK,~,MKT,DAY,FILLED
,,11/23/20 14:03,STOCK,SELL,-2,TO OPEN,ROKU,,,STOCK,~,MKT,DAY,FILLED
,,11/23/20 12:04,STOCK,SELL,-150,TO CLOSE,LI,,,STOCK,~,MKT,DAY,FILLED
,,11/23/20 12:03,STOCK,BUY,150,TO OPEN,LI,,,STOCK,~,MKT,DAY,FILLED
,,11/23/20 10:46,STOCK,SELL,-100,TO CLOSE,PLTR,,,STOCK,~,MKT,DAY,FILLED
,,11/23/20 9:58,STOCK,BUY,20,TO CLOSE,PTON,,,STOCK,~,MKT,DAY,FILLED
,,11/23/20 9:57,STOCK,SELL,-20,TO OPEN,PTON,,,STOCK,~,MKT,DAY,FILLED
,,11/23/20 9:54,STOCK,SELL,-150,TO CLOSE,XPEV,,,STOCK,~,MKT,DAY,FILLED
,,11/23/20 9:52,STOCK,BUY,150,TO OPEN,XPEV,,,STOCK,~,MKT,DAY,FILLED
,,11/23/20 9:50,STOCK,SELL,-200,TO CLOSE,KXIN,,,STOCK,~,MKT,DAY,FILLED
,,11/23/20 9:49,STOCK,BUY,200,TO OPEN,KXIN,,,STOCK,~,MKT,DAY,FILLED
,,11/23/20 9:46,STOCK,SELL,-150,TO CLOSE,BLNK,,,STOCK,~,MKT,DAY,FILLED
,,11/23/20 9:43,STOCK,BUY,150,TO OPEN,BLNK,,,STOCK,~,MKT,DAY,FILLED
,,11/23/20 9:43,STOCK,BUY,150,TO OPEN,BLNK,,,STOCK,28.26,LMT,DAY,CANCELED
,,11/23/20 9:40,STOCK,SELL,-500,TO CLOSE,BLNK,,,STOCK,~,MKT,DAY,FILLED
,,11/23/20 9:34,STOCK,BUY,500,TO OPEN,BLNK,,,STOCK,27.67,LMT,DAY,FILLED
,,11/23/20 9:33,STOCK,SELL,-500,TO CLOSE,KXIN,,,STOCK,~,MKT,DAY,FILLED
,,11/23/20 9:31,STOCK,BUY,500,TO OPEN,KXIN,,,STOCK,~,MKT,DAY,FILLED
,,11/20/20 9:49,STOCK,BUY,100,TO OPEN,PLTR,,,STOCK,~,MKT,DAY,FILLED
,,11/20/20 9:38,STOCK,SELL,-300,TO CLOSE,BLNK,,,STOCK,~,MKT,DAY,FILLED
,,11/20/20 9:33,STOCK,BUY,300,TO OPEN,BLNK,,,STOCK,19.39,LMT,DAY,FILLED
,,11/19/20 12:06,STOCK,SELL,-200,TO CLOSE,PLTR,,,STOCK,~,MKT,DAY,FILLED
,,11/19/20 12:04,STOCK,BUY,200,TO OPEN,PLTR,,,STOCK,18.58,LMT,DAY,FILLED
,,11/19/20 10:29,STOCK,SELL,-100,TO CLOSE,NIO,,,STOCK,~,MKT,DAY,FILLED
,,11/19/20 10:16,STOCK,BUY,50,TO OPEN,NIO,,,STOCK,47.94,LMT,DAY,CANCELED
,,11/19/20 9:47,STOCK,BUY,100,TO OPEN,NIO,,,STOCK,46.59,LMT,DAY,FILLED
,,11/19/20 9:45,STOCK,SELL,-20,TO CLOSE,TSLA,,,STOCK,~,MKT,DAY,FILLED
,,11/19/20 9:31,STOCK,BUY,20,TO OPEN,TSLA,,,STOCK,~,MKT,DAY,FILLED
,,11/19/20 9:31,STOCK,BUY,20,TO OPEN,TSLA,,,STOCK,495.96,LMT,DAY,CANCELED
,,11/18/20 9:38,STOCK,SELL,-110,TO CLOSE,PFE,,,STOCK,37.01,LMT,DAY,FILLED
,,11/18/20 9:32,STOCK,BUY,110,TO OPEN,PFE,,,STOCK,~,MKT,DAY,FILLED
,,11/18/20 9:30,STOCK,BUY,110,TO OPEN,DNK,,,STOCK,3.44,LMT,DAY,CANCELED
,,11/16/20 10:13,STOCK,SELL,-200,TO CLOSE,NIO,,,STOCK,~,MKT,DAY,FILLED
,,11/16/20 9:47,STOCK,BUY,100,TO OPEN,NIO,,,STOCK,43.96,LMT,DAY,FILLED
,,11/16/20 9:39,STOCK,BUY,100,TO OPEN,NIO,,,STOCK,~,MKT,DAY,FILLED
,,11/16/20 9:39,STOCK,BUY,100,TO OPEN,NIO,,,STOCK,43.72,LMT,DAY,CANCELED
,,,RE #3564073876,,,,,,,,,,,
,,11/16/20 9:38,STOCK,BUY,100,TO OPEN,NIO,,,STOCK,43.58,LMT,DAY,CANCELED
,,,RE #3564073876,,,,,,,,,,,
,,11/16/20 9:37,STOCK,BUY,100,TO OPEN,NIO,,,STOCK,43.45,LMT,DAY,CANCELED
,,11/12/20 14:18,STOCK,BUY,50,TO CLOSE,NIO,,,STOCK,~,MKT,DAY,FILLED
,,11/12/20 14:17,STOCK,SELL,-50,TO OPEN,NIO,,,STOCK,~,MKT,DAY,FILLED
,,11/12/20 14:13,STOCK,BUY,100,TO CLOSE,PTON,,,STOCK,108.01,LMT,DAY,FILLED
,,11/12/20 14:06,STOCK,SELL,-30,TO CLOSE,FB,,,STOCK,~,MKT,DAY,FILLED
,,11/12/20 14:01,STOCK,SELL,-100,TO OPEN,PTON,,,STOCK,108.05,LMT,DAY,FILLED
,,11/12/20 13:00,STOCK,BUY,30,TO OPEN,FB,,,STOCK,276.95,LMT,DAY,FILLED
,,11/12/20 12:28,STOCK,SELL,-10,TO OPEN,BA,,,STOCK,182.64,LMT,DAY,CANCELED
,,11/12/20 10:50,STOCK,BUY,20,TO CLOSE,AMD,,,STOCK,~,MKT,DAY,FILLED
,,11/12/20 10:49,STOCK,BUY,20,TO CLOSE,AMD,,,STOCK,82.33,LMT,DAY,CANCELED
,,11/12/20 10:47,STOCK,SELL,-20,TO OPEN,AMD,,,STOCK,82.31,LMT,DAY,FILLED
,,11/12/20 9:53,STOCK,SELL,-50,TO CLOSE,NIO,,,STOCK,44.9,LMT,DAY,FILLED
,,11/12/20 9:50,STOCK,SELL,-500,TO CLOSE,IMAC,,,STOCK,~,MKT,DAY,FILLED
,,11/12/20 9:48,STOCK,SELL,-500,TO CLOSE,IMAC,,,STOCK,2.31,LMT,DAY,CANCELED
,,11/12/20 9:46,STOCK,BUY,500,TO OPEN,IMAC,,,STOCK,2.25,LMT,DAY,FILLED
,,11/12/20 9:44,STOCK,SELL,-500,TO CLOSE,IMAC,,,STOCK,2.22,LMT,DAY,FILLED
,,11/12/20 9:43,STOCK,SELL,-500,TO CLOSE,IMAC,,,STOCK,2.28,LMT,DAY,CANCELED
,,11/12/20 9:42,STOCK,BUY,500,TO OPEN,IMAC,,,STOCK,2.29,LMT,DAY,FILLED
,,11/12/20 9:37,STOCK,SELL,-500,TO CLOSE,IMAC,,,STOCK,2.39,LMT,DAY,FILLED
,,11/12/20 9:33,STOCK,BUY,500,TO OPEN,IMAC,,,STOCK,2.16,LMT,DAY,FILLED
,,,,,,,,,,,,,,
Account Trade History,,,,,,,,,,,,,,
,Exec Time,Spread,Side,Qty,Pos Effect,Symbol,Exp,Strike,Type,Price,Net Price,Order Type,,
,11/12/20 9:33,STOCK,BUY,500,TO OPEN,IMAC,,,STOCK,2.16,2.16,LMT,,
,11/12/20 9:38,STOCK,SELL,-139,TO CLOSE,IMAC,,,STOCK,2.39,2.39,LMT,,
,11/12/20 9:38,STOCK,SELL,-361,TO CLOSE,IMAC,,,STOCK,2.39,2.39,LMT,,
,11/12/20 9:42,STOCK,BUY,500,TO OPEN,IMAC,,,STOCK,2.2288,2.2288,LMT,,
,11/12/20 9:46,STOCK,SELL,-30,TO CLOSE,IMAC,,,STOCK,2.22,2.22,LMT,,
,11/12/20 9:46,STOCK,SELL,-470,TO CLOSE,IMAC,,,STOCK,2.22,2.22,LMT,,
,11/12/20 9:46,STOCK,BUY,500,TO OPEN,IMAC,,,STOCK,2.25,2.25,LMT,,
,11/12/20 9:50,STOCK,SELL,-500,TO CLOSE,IMAC,,,STOCK,1.9701,1.9701,MKT,,
,11/12/20 9:53,STOCK,SELL,-1,TO CLOSE,NIO,,,STOCK,44.9,44.9,LMT,,
,11/12/20 9:53,STOCK,SELL,-49,TO CLOSE,NIO,,,STOCK,44.9,44.9,LMT,,
,11/12/20 10:47,STOCK,SELL,-20,TO OPEN,AMD,,,STOCK,82.33,82.33,LMT,,
,11/12/20 10:50,STOCK,BUY,20,TO CLOSE,AMD,,,STOCK,82.3899,82.39,MKT,,
,11/12/20 13:00,STOCK,BUY,1,TO OPEN,FB,,,STOCK,276.95,276.95,LMT,,
,11/12/20 13:00,STOCK,BUY,5,TO OPEN,FB,,,STOCK,276.95,276.95,LMT,,
,11/12/20 13:00,STOCK,BUY,24,TO OPEN,FB,,,STOCK,276.95,276.95,LMT,,
,11/12/20 14:01,STOCK,SELL,-100,TO OPEN,PTON,,,STOCK,108.05,108.05,LMT,,
,11/12/20 14:06,STOCK,SELL,-30,TO CLOSE,FB,,,STOCK,277.41,277.41,MKT,,
,11/12/20 14:14,STOCK,BUY,25,TO CLOSE,PTON,,,STOCK,108.01,108.01,LMT,,
,11/12/20 14:14,STOCK,BUY,25,TO CLOSE,PTON,,,STOCK,108.01,108.01,LMT,,
,11/12/20 14:14,STOCK,BUY,50,TO CLOSE,PTON,,,STOCK,108.01,108.01,LMT,,
,11/12/20 14:17,STOCK,SELL,-50,TO OPEN,NIO,,,STOCK,47.5001,47.5,MKT,,
,11/12/20 14:18,STOCK,BUY,50,TO CLOSE,NIO,,,STOCK,47.7399,47.74,MKT,,
,11/16/20 9:39,STOCK,BUY,100,TO OPEN,NIO,,,STOCK,43.8882,43.8882,MKT,,
,11/16/20 9:47,STOCK,BUY,100,TO OPEN,NIO,,,STOCK,43.955,43.955,LMT,,
,11/16/20 10:13,STOCK,SELL,-200,TO CLOSE,NIO,,,STOCK,45.2138,45.2138,MKT,,
,11/18/20 9:32,STOCK,BUY,110,TO OPEN,PFE,,,STOCK,37.0899,37.08991,MKT,,
,11/18/20 9:38,STOCK,SELL,-110,TO CLOSE,PFE,,,STOCK,37.0333,37.03327,LMT,,
,11/19/20 9:31,STOCK,BUY,20,TO OPEN,TSLA,,,STOCK,496.635,496.635,MKT,,
,11/19/20 9:45,STOCK,SELL,-20,TO CLOSE,TSLA,,,STOCK,497.75,497.75,MKT,,
,11/19/20 9:47,STOCK,BUY,100,TO OPEN,NIO,,,STOCK,46.59,46.59,LMT,,
,11/19/20 10:29,STOCK,SELL,-100,TO CLOSE,NIO,,,STOCK,47.71,47.71,MKT,,
,11/19/20 12:04,STOCK,BUY,200,TO OPEN,PLTR,,,STOCK,18.58,18.58,LMT,,
,11/19/20 12:06,STOCK,SELL,-200,TO CLOSE,PLTR,,,STOCK,18.6601,18.6601,MKT,,
,11/20/20 9:33,STOCK,BUY,200,TO OPEN,BLNK,,,STOCK,19.39,19.39,LMT,,
,11/20/20 9:33,STOCK,BUY,100,TO OPEN,BLNK,,,STOCK,19.39,19.39,LMT,,
,11/20/20 9:38,STOCK,SELL,-300,TO CLOSE,BLNK,,,STOCK,20.485,20.485,MKT,,
,11/20/20 9:49,STOCK,BUY,100,TO OPEN,PLTR,,,STOCK,19.525,19.525,MKT,,
,11/23/20 9:31,STOCK,BUY,500,TO OPEN,KXIN,,,STOCK,9.8299,9.8299,MKT,,
,11/23/20 9:33,STOCK,SELL,-500,TO CLOSE,KXIN,,,STOCK,9.3801,9.3801,MKT,,
,11/23/20 9:34,STOCK,BUY,500,TO OPEN,BLNK,,,STOCK,27.599,27.599,LMT,,
,11/23/20 9:40,STOCK,SELL,-500,TO CLOSE,BLNK,,,STOCK,28.1301,28.1301,MKT,,
,11/23/20 9:43,STOCK,BUY,150,TO OPEN,BLNK,,,STOCK,28.3632,28.3632,MKT,,
,11/23/20 9:46,STOCK,SELL,-150,TO CLOSE,BLNK,,,STOCK,28.685,28.685,MKT,,
,11/23/20 9:49,STOCK,BUY,100,TO OPEN,KXIN,,,STOCK,9.6399,9.6399,MKT,,
,11/23/20 9:49,STOCK,BUY,100,TO OPEN,KXIN,,,STOCK,9.6399,9.6399,MKT,,
,11/23/20 9:50,STOCK,SELL,-200,TO CLOSE,KXIN,,,STOCK,9.0205,9.0205,MKT,,
,11/23/20 9:52,STOCK,BUY,50,TO OPEN,XPEV,,,STOCK,58.9499,58.95,MKT,,
,11/23/20 9:52,STOCK,BUY,100,TO OPEN,XPEV,,,STOCK,58.9499,58.9499,MKT,,
,11/23/20 9:54,STOCK,SELL,-150,TO CLOSE,XPEV,,,STOCK,59.2801,59.28013,MKT,,
,11/23/20 9:57,STOCK,SELL,-20,TO OPEN,PTON,,,STOCK,106.965,106.965,MKT,,
,11/23/20 9:58,STOCK,BUY,20,TO CLOSE,PTON,,,STOCK,107.23,107.23,MKT,,
,11/23/20 10:46,STOCK,SELL,-100,TO CLOSE,PLTR,,,STOCK,19.9001,19.9001,MKT,,
,11/23/20 12:03,STOCK,BUY,100,TO OPEN,LI,,,STOCK,43.44,43.44,MKT,,
,11/23/20 12:03,STOCK,BUY,50,TO OPEN,LI,,,STOCK,43.4599,43.46,MKT,,
,11/23/20 12:04,STOCK,SELL,-150,TO CLOSE,LI,,,STOCK,43.5862,43.5862,MKT,,
,11/23/20 14:03,STOCK,SELL,-1,TO OPEN,ROKU,,,STOCK,275.26,275.26,MKT,,
,11/23/20 14:03,STOCK,SELL,-1,TO OPEN,ROKU,,,STOCK,275.26,275.26,MKT,,
,11/23/20 14:04,STOCK,BUY,8,TO OPEN,ROKU,,,STOCK,275.2976,275.2975,MKT,,
,11/23/20 14:04,STOCK,BUY,2,TO CLOSE,ROKU,,,STOCK,275.2809,275.28,MKT,,
,11/23/20 14:04,STOCK,SELL,-8,TO CLOSE,ROKU,,,STOCK,275.455,275.455,MKT,,
,11/23/20 14:13,STOCK,BUY,200,TO OPEN,XPEV,,,STOCK,65.22,65.22,LMT,,
,11/23/20 14:16,STOCK,SELL,-200,TO CLOSE,XPEV,,,STOCK,65.505,65.505,MKT,,
,11/23/20 15:12,STOCK,BUY,100,TO OPEN,BLNK,,,STOCK,31.0999,31.0999,MKT,,
,11/23/20 15:13,STOCK,SELL,-100,TO CLOSE,BLNK,,,STOCK,31.14,31.14,LMT,,
,11/23/20 15:14,STOCK,BUY,250,TO OPEN,BLNK,,,STOCK,31.51,31.51,LMT,,
,11/23/20 15:29,STOCK,SELL,-95,TO CLOSE,BLNK,,,STOCK,31.52,31.52,LMT,,
,11/23/20 15:29,STOCK,SELL,-155,TO CLOSE,BLNK,,,STOCK,31.52,31.52,LMT,,
,11/24/20 9:30,STOCK,BUY,10,TO OPEN,FTEK,,,STOCK,6.2895,6.29,MKT,,
,11/24/20 9:30,STOCK,SELL,-10,TO CLOSE,FTEK,,,STOCK,6.23,6.23,MKT,,
,11/24/20 9:42,STOCK,BUY,55,TO OPEN,OXY,,,STOCK,17,17,LMT,,
,11/24/20 9:42,STOCK,BUY,45,TO OPEN,OXY,,,STOCK,17,17,LMT,,
,11/24/20 9:46,STOCK,SELL,-100,TO CLOSE,OXY,,,STOCK,16.905,16.905,MKT,,
,11/24/20 9:59,STOCK,BUY,300,TO OPEN,CCL,,,STOCK,20.35,20.35,LMT,,
,11/24/20 10:07,STOCK,BUY,100,TO OPEN,LI,,,STOCK,45.68,45.68,MKT,,
,11/24/20 10:07,STOCK,BUY,72,TO OPEN,LI,,,STOCK,45.66,45.66,MKT,,
,11/24/20 10:07,STOCK,BUY,100,TO OPEN,LI,,,STOCK,45.67,45.67,MKT,,
,11/24/20 10:07,STOCK,BUY,28,TO OPEN,LI,,,STOCK,45.68,45.68,MKT,,
,11/24/20 10:11,STOCK,SELL,-300,TO CLOSE,LI,,,STOCK,45.83,45.83,MKT,,
,11/24/20 10:12,STOCK,SELL,-300,TO CLOSE,CCL,,,STOCK,19.755,19.755,MKT,,
,11/24/20 11:20,STOCK,BUY,320,TO OPEN,LI,,,STOCK,46.6499,46.64991,MKT,,
,11/24/20 11:33,STOCK,SELL,-320,TO CLOSE,LI,,,STOCK,45.8101,45.81009,LMT,,
,11/24/20 11:52,STOCK,BUY,200,TO OPEN,UA,,,STOCK,14.9398,14.9398,MKT,,
,11/24/20 11:54,STOCK,SELL,-100,TO CLOSE,UA,,,STOCK,14.94,14.94,LMT,,
,11/24/20 11:54,STOCK,SELL,-100,TO CLOSE,UA,,,STOCK,14.94,14.94,LMT,,
,11/24/20 12:01,STOCK,BUY,200,TO OPEN,NKLA,,,STOCK,34.8929,34.8929,MKT,,
,11/24/20 12:10,STOCK,SELL,-200,TO CLOSE,NKLA,,,STOCK,34.9,34.9,LMT,,
,11/24/20 12:13,STOCK,BUY,200,TO OPEN,NKLA,,,STOCK,35.1599,35.1599,MKT,,
,11/24/20 12:14,STOCK,SELL,-1,TO CLOSE,NKLA,,,STOCK,35.16,35.16,LMT,,
,11/24/20 12:14,STOCK,SELL,-80,TO CLOSE,NKLA,,,STOCK,35.16,35.16,LMT,,
,11/24/20 12:14,STOCK,SELL,-19,TO CLOSE,NKLA,,,STOCK,35.16,35.16,LMT,,
,11/24/20 12:14,STOCK,SELL,-100,TO CLOSE,NKLA,,,STOCK,35.16,35.16,LMT,,
,11/25/20 9:33,STOCK,BUY,200,TO OPEN,NIO,,,STOCK,50.9899,50.9899,MKT,,
,11/25/20 9:39,STOCK,SELL,-200,TO CLOSE,NIO,,,STOCK,51.12,51.12,LMT,,
,11/25/20 9:41,STOCK,BUY,300,TO OPEN,PLTR,,,STOCK,25.46,25.46,LMT,,
,11/25/20 9:52,STOCK,BUY,100,TO OPEN,PFE,,,STOCK,36.355,36.355,LMT,,
,11/25/20 9:54,STOCK,SELL,-100,TO CLOSE,PFE,,,STOCK,36.315,36.315,MKT,,
,11/25/20 10:29,STOCK,SELL,-300,TO CLOSE,PLTR,,,STOCK,25.58,25.58,LMT,,
,11/27/20 9:38,STOCK,BUY,500,TO OPEN,WORK,,,STOCK,39.36,39.36,LMT,,
,11/27/20 9:41,STOCK,SELL,-500,TO CLOSE,WORK,,,STOCK,39.88,39.88,LMT,,
,11/27/20 10:04,STOCK,BUY,400,TO OPEN,AAL,,,STOCK,15.3179,15.3179,MKT,,
,11/27/20 10:05,STOCK,SELL,-400,TO CLOSE,AAL,,,STOCK,15.3301,15.3301,LMT,,
,11/27/20 10:11,STOCK,BUY,114,TO OPEN,SAVE,,,STOCK,23.1499,23.14991,MKT,,
,11/27/20 10:11,STOCK,BUY,275,TO OPEN,SAVE,,,STOCK,23.15,23.15,MKT,,
,11/27/20 10:11,STOCK,BUY,11,TO OPEN,SAVE,,,STOCK,23.15,23.15,MKT,,
,11/27/20 10:11,STOCK,BUY,100,TO OPEN,SAVE,,,STOCK,23.15,23.15,MKT,,
,11/27/20 10:12,STOCK,SELL,-500,TO CLOSE,SAVE,,,STOCK,23.1406,23.1406,MKT,,
,11/27/20 11:01,STOCK,BUY,4,TO OPEN,NFLX,,,STOCK,488.4959,488.495,MKT,,
,11/27/20 11:01,STOCK,BUY,10,TO OPEN,NFLX,,,STOCK,488.4959,488.496,MKT,,
,11/27/20 11:01,STOCK,BUY,6,TO OPEN,NFLX,,,STOCK,488.4959,488.49667,MKT,,
,11/27/20 11:01,STOCK,BUY,30,TO OPEN,NFLX,,,STOCK,488.4999,488.5,MKT,,
,11/27/20 11:01,STOCK,SELL,-50,TO CLOSE,NFLX,,,STOCK,488.53,488.53,LMT,,
,11/27/20 11:28,STOCK,BUY,100,TO OPEN,INO,,,STOCK,11.41,11.41,LMT,,
,11/27/20 11:28,STOCK,BUY,100,TO OPEN,INO,,,STOCK,11.41,11.41,LMT,,
,11/27/20 11:28,STOCK,BUY,100,TO OPEN,INO,,,STOCK,11.41,11.41,LMT,,
,11/27/20 11:30,STOCK,SELL,-300,TO CLOSE,INO,,,STOCK,11.4382,11.4382,LMT,,
,11/27/20 11:33,STOCK,BUY,75,TO OPEN,FSLY,,,STOCK,85.06,85.06,LMT,,
,11/27/20 11:33,STOCK,BUY,3,TO OPEN,FSLY,,,STOCK,85.06,85.06,LMT,,
,11/27/20 11:34,STOCK,SELL,-78,TO CLOSE,FSLY,,,STOCK,85.231,85.23103,MKT,,
,11/30/20 15:39,STOCK,BUY,100,TO OPEN,RIOT,,,STOCK,8.2,8.2,LMT,,
,11/30/20 15:39,STOCK,BUY,400,TO OPEN,RIOT,,,STOCK,8.2,8.2,LMT,,
,12/1/20 9:39,STOCK,BUY,100,TO OPEN,NNDM,,,STOCK,6.7399,6.7399,MKT,,
,12/1/20 9:39,STOCK,BUY,200,TO OPEN,NNDM,,,STOCK,6.7398,6.7398,MKT,,
,12/1/20 9:39,STOCK,BUY,100,TO OPEN,NNDM,,,STOCK,6.7398,6.7398,MKT,,
,12/1/20 9:39,STOCK,BUY,100,TO OPEN,NNDM,,,STOCK,6.7398,6.7398,MKT,,
,12/1/20 9:44,STOCK,SELL,-500,TO CLOSE,NNDM,,,STOCK,6.74,6.74,LMT,,
,12/1/20 9:46,STOCK,SELL,-10,TO CLOSE,RIOT,,,STOCK,8.695,8.695,MKT,,
,12/1/20 9:48,STOCK,SELL,-490,TO CLOSE,RIOT,,,STOCK,8.64,8.64,LMT,,
,12/1/20 9:54,STOCK,BUY,30,TO OPEN,TSLA,,,STOCK,587.8599,587.86,MKT,,
,12/1/20 9:57,STOCK,SELL,-30,TO CLOSE,TSLA,,,STOCK,588.2601,588.26,MKT,,
,12/1/20 10:22,STOCK,BUY,500,TO OPEN,GME,,,STOCK,16.2899,16.2899,MKT,,
,12/1/20 10:26,STOCK,SELL,-500,TO CLOSE,GME,,,STOCK,15.956,15.956,MKT,,
,12/2/20 9:31,STOCK,BUY,33,TO OPEN,TSLA,,,STOCK,560.9699,560.97,MKT,,
,12/2/20 9:33,STOCK,SELL,-200,TO OPEN,NIO,,,STOCK,38.6077,38.6077,MKT,,
,12/2/20 9:36,STOCK,BUY,100,TO OPEN,GME,,,STOCK,16.315,16.315,MKT,,
,12/2/20 9:38,STOCK,SELL,-10,TO OPEN,NIO,,,STOCK,40.12,40.12,MKT,,
,12/2/20 9:38,STOCK,BUY,90,TO CLOSE,NIO,,,STOCK,40.24,40.24,MKT,,
,12/2/20 9:38,STOCK,BUY,110,TO CLOSE,NIO,,,STOCK,40.24,40.24,MKT,,
,12/2/20 9:38,STOCK,BUY,10,TO CLOSE,NIO,,,STOCK,40.24,40.24,MKT,,
,12/2/20 9:42,STOCK,SELL,-100,TO CLOSE,GME,,,STOCK,16.55,16.55,MKT,,
,12/2/20 9:47,STOCK,BUY,200,TO OPEN,WKHS,,,STOCK,20.5442,20.5442,MKT,,
,12/2/20 9:48,STOCK,SELL,-20,TO CLOSE,WKHS,,,STOCK,20.33,20.33,MKT,,
,12/2/20 9:48,STOCK,SELL,-180,TO CLOSE,WKHS,,,STOCK,20.2658,20.26578,MKT,,
,12/2/20 9:54,STOCK,BUY,200,TO OPEN,NIO,,,STOCK,42.77,42.77,LMT,,
,12/2/20 10:00,STOCK,SELL,-200,TO CLOSE,NIO,,,STOCK,42.9316,42.9316,MKT,,
,12/2/20 10:10,STOCK,SELL,-2,TO CLOSE,TSLA,,,STOCK,560.97,560.97,LMT,,
,12/2/20 10:10,STOCK,SELL,-1,TO CLOSE,TSLA,,,STOCK,560.97,560.97,LMT,,
,12/2/20 10:10,STOCK,SELL,-30,TO CLOSE,TSLA,,,STOCK,560.97,560.97,LMT,,
,12/2/20 10:13,STOCK,BUY,30,TO OPEN,TSLA,,,STOCK,565.2433,565.24333,MKT,,
,12/2/20 10:14,STOCK,SELL,-30,TO CLOSE,TSLA,,,STOCK,565.83,565.83,LMT,,
,12/2/20 10:17,STOCK,BUY,200,TO OPEN,INO,,,STOCK,12.1999,12.1999,MKT,,
,12/2/20 10:17,STOCK,SELL,-100,TO CLOSE,INO,,,STOCK,12.2,12.2,LMT,,
,12/2/20 10:17,STOCK,SELL,-100,TO CLOSE,INO,,,STOCK,12.2,12.2,LMT,,
,12/2/20 10:22,STOCK,BUY,30,TO OPEN,TSLA,,,STOCK,569.75,569.75,LMT,,
,12/2/20 12:05,STOCK,SELL,-30,TO CLOSE,TSLA,,,STOCK,569.75,569.75,LMT,,
,12/2/20 14:51,STOCK,BUY,3,TO OPEN,SPOT,,,STOCK,314.46,314.46,LMT,,
,12/2/20 14:51,STOCK,BUY,17,TO OPEN,SPOT,,,STOCK,314.46,314.46,LMT,,
,12/2/20 14:52,STOCK,SELL,-20,TO CLOSE,SPOT,,,STOCK,314.74,314.74,LMT,,
,12/2/20 14:54,STOCK,BUY,20,TO OPEN,SPOT,,,STOCK,316.02,316.02,LMT,,
,12/2/20 14:55,STOCK,SELL,-20,TO CLOSE,SPOT,,,STOCK,314.8701,314.87,MKT,,
,12/2/20 14:57,STOCK,SELL,-20,TO OPEN,SPOT,,,STOCK,314.725,314.725,MKT,,
,12/2/20 14:59,STOCK,BUY,20,TO CLOSE,SPOT,,,STOCK,315.265,315.265,MKT,,
,12/2/20 15:07,STOCK,SELL,-100,TO OPEN,BB,,,STOCK,7.1722,7.1722,MKT,,
,12/2/20 15:07,STOCK,BUY,100,TO CLOSE,BB,,,STOCK,7.1678,7.1678,MKT,,
,12/3/20 9:32,STOCK,BUY,100,TO OPEN,NIO,,,STOCK,48.57,48.57,LMT,,
,12/3/20 9:32,STOCK,BUY,100,TO OPEN,NIO,,,STOCK,48.57,48.57,LMT,,
,12/3/20 9:32,STOCK,BUY,200,TO OPEN,NIO,,,STOCK,48.57,48.57,LMT,,
,12/3/20 9:32,STOCK,BUY,100,TO OPEN,NIO,,,STOCK,48.57,48.57,LMT,,
,12/3/20 14:06,STOCK,SELL,-500,TO CLOSE,NIO,,,STOCK,46.5528,46.5528,MKT,,
,12/4/20 9:31,STOCK,BUY,100,TO OPEN,GME,,,STOCK,16.34,16.34,LMT,,
,12/4/20 9:43,STOCK,SELL,-100,TO CLOSE,GME,,,STOCK,16.845,16.845,MKT,,
,12/4/20 9:54,STOCK,BUY,100,TO OPEN,NIO,,,STOCK,43.91,43.91,LMT,,
,12/4/20 9:56,STOCK,SELL,-100,TO CLOSE,NIO,,,STOCK,43.9274,43.9274,MKT,,
,12/4/20 10:18,STOCK,BUY,20,TO OPEN,TSLA,,,STOCK,594.4299,594.43,MKT,,
,12/4/20 10:29,STOCK,SELL,-20,TO CLOSE,TSLA,,,STOCK,591.775,591.775,MKT,,
,12/4/20 10:34,STOCK,BUY,20,TO OPEN,TSLA,,,STOCK,594.65,594.65,MKT,,
,12/4/20 10:36,STOCK,SELL,-6,TO CLOSE,TSLA,,,STOCK,594.76,594.76,MKT,,
,12/4/20 10:36,STOCK,SELL,-14,TO CLOSE,TSLA,,,STOCK,594.76,594.76,MKT,,
,12/4/20 11:02,STOCK,BUY,100,TO OPEN,GME,,,STOCK,16.87,16.87,LMT,,
,12/4/20 11:05,STOCK,SELL,-6,TO CLOSE,GME,,,STOCK,16.89,16.89,LMT,,
,12/4/20 11:05,STOCK,SELL,-1,TO CLOSE,GME,,,STOCK,16.89,16.89,LMT,,
,12/4/20 11:05,STOCK,SELL,-93,TO CLOSE,GME,,,STOCK,16.89,16.89,LMT,,
,12/4/20 13:11,STOCK,SELL,-200,TO OPEN,FSLY,,,STOCK,91.8887,91.8887,MKT,,
,12/4/20 13:13,STOCK,BUY,12,TO CLOSE,FSLY,,,STOCK,91.84,91.84,LMT,,
,12/4/20 13:13,STOCK,BUY,19,TO CLOSE,FSLY,,,STOCK,91.84,91.84,LMT,,
,12/4/20 13:13,STOCK,BUY,50,TO CLOSE,FSLY,,,STOCK,91.84,91.84,LMT,,
,12/4/20 13:13,STOCK,BUY,75,TO CLOSE,FSLY,,,STOCK,91.84,91.84,LMT,,
,12/4/20 13:13,STOCK,BUY,44,TO CLOSE,FSLY,,,STOCK,91.84,91.84,LMT,,
,12/4/20 13:16,STOCK,SELL,-3,TO OPEN,SNOW,,,STOCK,386.72,386.72,LMT,,
,12/4/20 13:16,STOCK,SELL,-17,TO OPEN,SNOW,,,STOCK,386.72,386.72,LMT,,
,12/4/20 13:18,STOCK,BUY,20,TO CLOSE,SNOW,,,STOCK,387.84,387.84,MKT,,
,12/7/20 9:32,STOCK,BUY,20,TO OPEN,NIO,,,STOCK,43.69,43.69,MKT,,
,12/7/20 9:34,STOCK,SELL,-20,TO CLOSE,NIO,,,STOCK,43.8,43.8,MKT,,
,12/7/20 9:36,STOCK,BUY,200,TO OPEN,NIO,,,STOCK,44.02,44.02,LMT,,
,12/7/20 9:38,STOCK,SELL,-200,TO CLOSE,NIO,,,STOCK,43.8472,43.8472,MKT,,
,12/7/20 9:43,STOCK,BUY,150,TO OPEN,PLTR,,,STOCK,25.7597,25.75973,MKT,,
,12/7/20 9:43,STOCK,BUY,150,TO OPEN,PLTR,,,STOCK,25.77,25.77,MKT,,
,12/7/20 9:46,STOCK,SELL,-300,TO CLOSE,PLTR,,,STOCK,25.3701,25.3701,MKT,,
,12/7/20 9:58,STOCK,BUY,200,TO OPEN,PLTR,,,STOCK,25.88,25.88,LMT,,
,12/7/20 12:03,STOCK,SELL,-200,TO CLOSE,PLTR,,,STOCK,26.7201,26.7201,MKT,,
,12/7/20 12:15,STOCK,BUY,100,TO OPEN,PLTR,,,STOCK,27.2146,27.2146,MKT,,
,12/7/20 12:15,STOCK,SELL,-100,TO CLOSE,PLTR,,,STOCK,27.2222,27.2222,MKT,,
,12/8/20 9:32,STOCK,BUY,100,TO OPEN,NKLA,,,STOCK,18.86,18.86,LMT,,
,12/8/20 9:32,STOCK,BUY,13,TO OPEN,NKLA,,,STOCK,18.86,18.86,LMT,,
,12/8/20 9:32,STOCK,BUY,87,TO OPEN,NKLA,,,STOCK,18.86,18.86,LMT,,
,12/8/20 9:34,STOCK,BUY,25,TO OPEN,INO,,,STOCK,12.22,12.22,LMT,,
,12/8/20 9:34,STOCK,BUY,175,TO OPEN,INO,,,STOCK,12.22,12.22,LMT,,
,12/8/20 9:35,STOCK,SELL,-200,TO CLOSE,NKLA,,,STOCK,18.835,18.835,MKT,,
,12/8/20 9:36,STOCK,SELL,-200,TO CLOSE,INO,,,STOCK,12.135,12.135,MKT,,
,12/8/20 9:36,STOCK,BUY,30,TO OPEN,TSLA,,,STOCK,632.7299,632.73,MKT,,
,12/8/20 9:43,STOCK,BUY,99,TO OPEN,FSLY,,,STOCK,91.35,91.35,MKT,,
,12/8/20 9:44,STOCK,SELL,-99,TO CLOSE,FSLY,,,STOCK,91.38,91.38,MKT,,
,12/8/20 9:45,STOCK,BUY,99,TO OPEN,FSLY,,,STOCK,92.225,92.22505,MKT,,
,12/8/20 9:48,STOCK,SELL,-99,TO CLOSE,FSLY,,,STOCK,92.43,92.43,LMT,,
,12/8/20 9:49,STOCK,SELL,-30,TO CLOSE,TSLA,,,STOCK,627.2917,627.29167,MKT,,
,12/8/20 9:51,STOCK,BUY,30,TO OPEN,TSLA,,,STOCK,631.15,631.15,MKT,,
,12/8/20 9:54,STOCK,SELL,-30,TO CLOSE,TSLA,,,STOCK,631.15,631.15,LMT,,
,12/8/20 9:54,STOCK,BUY,30,TO OPEN,TSLA,,,STOCK,630.8983,630.89833,MKT,,
,12/8/20 9:57,STOCK,SELL,-30,TO CLOSE,TSLA,,,STOCK,632.0994,632.09933,MKT,,
,12/8/20 9:59,STOCK,BUY,200,TO OPEN,FSLY,,,STOCK,93.67,93.67,LMT,,
,12/8/20 10:02,STOCK,SELL,-54,TO CLOSE,FSLY,,,STOCK,93.69,93.69,LMT,,
,12/8/20 10:02,STOCK,SELL,-146,TO CLOSE,FSLY,,,STOCK,93.69,93.69,LMT,,
,12/8/20 10:03,STOCK,BUY,25,TO OPEN,SNOW,,,STOCK,416.9899,416.99,MKT,,
,12/8/20 10:09,STOCK,SELL,-25,TO CLOSE,SNOW,,,STOCK,418.695,418.6952,MKT,,
,12/8/20 10:11,STOCK,BUY,25,TO OPEN,SNOW,,,STOCK,420.575,420.5752,MKT,,
,12/8/20 10:12,STOCK,SELL,-25,TO CLOSE,SNOW,,,STOCK,420.775,420.7752,MKT,,
,12/8/20 10:14,STOCK,BUY,30,TO OPEN,SNOW,,,STOCK,422.965,422.965,LMT,,
,12/8/20 10:16,STOCK,SELL,-10,TO CLOSE,SNOW,,,STOCK,418.91,418.91,MKT,,
,12/8/20 10:17,STOCK,SELL,-20,TO CLOSE,SNOW,,,STOCK,416.12,416.12,MKT,,
,12/8/20 10:20,STOCK,SELL,-200,TO OPEN,NIO,,,STOCK,46.1,46.1,MKT,,
,12/8/20 10:21,STOCK,BUY,200,TO CLOSE,NIO,,,STOCK,46.2999,46.2999,MKT,,
,12/8/20 10:22,STOCK,SELL,-170,TO OPEN,NIO,,,STOCK,46.1302,46.13018,MKT,,
,12/8/20 10:22,STOCK,SELL,-30,TO OPEN,NIO,,,STOCK,46.1301,46.13,MKT,,
,12/8/20 10:23,STOCK,BUY,200,TO CLOSE,NIO,,,STOCK,46.1599,46.1599,MKT,,
,12/8/20 10:25,STOCK,BUY,30,TO OPEN,SNOW,,,STOCK,422.5,422.5,MKT,,
,12/8/20 10:26,STOCK,SELL,-30,TO CLOSE,SNOW,,,STOCK,418.6001,418.6,MKT,,
,12/8/20 10:33,STOCK,BUY,200,TO OPEN,FSLY,,,STOCK,97.9295,97.9295,MKT,,
,12/8/20 10:35,STOCK,SELL,-10,TO CLOSE,FSLY,,,STOCK,97.115,97.115,MKT,,
,12/8/20 10:36,STOCK,SELL,-190,TO CLOSE,FSLY,,,STOCK,98.0564,98.05642,MKT,,
,12/8/20 12:42,STOCK,BUY,250,TO OPEN,ANF,,,STOCK,22.3967,22.39672,MKT,,
,12/8/20 12:53,STOCK,SELL,-200,TO CLOSE,ANF,,,STOCK,22.335,22.335,LMT,,
,12/8/20 12:53,STOCK,SELL,-50,TO CLOSE,ANF,,,STOCK,22.335,22.335,LMT,,
,12/8/20 12:54,STOCK,BUY,250,TO OPEN,ANF,,,STOCK,22.35,22.35,MKT,,
,12/8/20 12:55,STOCK,SELL,-250,TO CLOSE,ANF,,,STOCK,22.29,22.29,LMT,,
,12/8/20 12:56,STOCK,BUY,1,TO OPEN,ANF,,,STOCK,22.31,22.31,MKT,,
,12/8/20 12:57,STOCK,SELL,-1,TO CLOSE,ANF,,,STOCK,22.31,22.31,LMT,,
,12/8/20 12:57,STOCK,SELL,-9,TO OPEN,ANF,,,STOCK,22.31,22.31,LMT,,
,12/8/20 12:58,STOCK,BUY,1,TO CLOSE,ANF,,,STOCK,22.31,22.31,LMT,,
,12/8/20 12:58,STOCK,BUY,8,TO CLOSE,ANF,,,STOCK,22.27,22.27,MKT,,
,12/8/20 13:23,STOCK,BUY,250,TO OPEN,ANF,,,STOCK,22.3499,22.34992,MKT,,
,12/8/20 14:18,STOCK,BUY,20,TO OPEN,ETSY,,,STOCK,164.545,164.545,MKT,,
,12/8/20 15:02,STOCK,BUY,17,TO OPEN,MRNA,,,STOCK,167.47,167.47,LMT,,
,12/8/20 15:02,STOCK,BUY,3,TO OPEN,MRNA,,,STOCK,167.47,167.47,LMT,,
,12/8/20 15:48,STOCK,SELL,-10,TO CLOSE,MRNA,,,STOCK,169.06,169.06,MKT,,
,12/8/20 15:48,STOCK,SELL,-10,TO CLOSE,MRNA,,,STOCK,169.005,169.005,MKT,,
,12/9/20 9:35,STOCK,BUY,200,TO OPEN,SPCE,,,STOCK,34.6026,34.6026,LMT,,
,12/9/20 9:36,STOCK,SELL,-20,TO CLOSE,ETSY,,,STOCK,162.69,162.69,MKT,,
,12/9/20 10:11,STOCK,BUY,500,TO OPEN,AAL,,,STOCK,18.2498,18.2498,MKT,,
,12/9/20 11:00,STOCK,SELL,-250,TO CLOSE,ANF,,,STOCK,21.7116,21.7116,MKT,,
,12/10/20 9:33,STOCK,BUY,200,TO OPEN,NIO,,,STOCK,43.26,43.26,LMT,,
,12/10/20 9:35,STOCK,SELL,-200,TO CLOSE,NIO,,,STOCK,43.1747,43.1747,MKT,,
,12/10/20 9:38,STOCK,BUY,10,TO OPEN,FSLY,,,STOCK,95.67,95.67,MKT,,
,12/10/20 9:38,STOCK,SELL,-10,TO CLOSE,FSLY,,,STOCK,96.19,96.19,MKT,,
,12/10/20 9:42,STOCK,BUY,200,TO OPEN,PLTR,,,STOCK,27.3499,27.3499,MKT,,
,12/10/20 9:48,STOCK,SELL,-200,TO CLOSE,PLTR,,,STOCK,26.955,26.955,MKT,,
,12/11/20 9:31,STOCK,BUY,200,TO OPEN,SNOW,,,STOCK,365.38,365.38,LMT,,
,12/11/20 9:31,STOCK,SELL,-200,TO CLOSE,SNOW,,,STOCK,366.7701,366.7701,MKT,,
,12/11/20 9:34,STOCK,SELL,-150,TO OPEN,NIO,,,STOCK,42.2394,42.2394,MKT,,
,12/11/20 9:35,STOCK,BUY,150,TO CLOSE,NIO,,,STOCK,42.664,42.664,MKT,,
,12/11/20 9:37,STOCK,BUY,150,TO OPEN,NIO,,,STOCK,43.4429,43.44293,MKT,,
,12/11/20 9:39,STOCK,SELL,-24,TO CLOSE,NIO,,,STOCK,43.45,43.45,LMT,,
,12/11/20 9:39,STOCK,SELL,-8,TO CLOSE,NIO,,,STOCK,43.45,43.45,LMT,,
,12/11/20 9:39,STOCK,SELL,-118,TO CLOSE,NIO,,,STOCK,43.45,43.45,LMT,,
,12/11/20 9:40,STOCK,BUY,20,TO OPEN,TSLA,,,STOCK,620.7699,620.77,MKT,,
,12/11/20 9:42,STOCK,SELL,-20,TO CLOSE,TSLA,,,STOCK,617.655,617.655,MKT,,
,12/11/20 10:13,STOCK,BUY,20,TO OPEN,SNOW,,,STOCK,355.5299,355.53,MKT,,
,12/11/20 10:14,STOCK,SELL,-20,TO CLOSE,SNOW,,,STOCK,353.64,353.64,MKT,,
,12/11/20 10:17,STOCK,BUY,20,TO OPEN,SNOW,,,STOCK,359.665,359.665,MKT,,
,12/11/20 10:18,STOCK,SELL,-20,TO CLOSE,SNOW,,,STOCK,360.0101,360.01,LMT,,
,12/11/20 10:18,STOCK,BUY,20,TO OPEN,SNOW,,,STOCK,359.7767,359.7765,MKT,,
,12/11/20 10:19,STOCK,BUY,20,TO OPEN,SNOW,,,STOCK,359.108,359.108,MKT,,
,12/11/20 10:20,STOCK,SELL,-10,TO CLOSE,SNOW,,,STOCK,359.1001,359.1,MKT,,
,12/11/20 10:20,STOCK,BUY,10,TO OPEN,SNOW,,,STOCK,359.64,359.64,MKT,,
,12/11/20 10:21,STOCK,SELL,-10,TO CLOSE,SNOW,,,STOCK,360.3,360.3,MKT,,
,12/11/20 10:21,STOCK,SELL,-10,TO CLOSE,SNOW,,,STOCK,360.115,360.115,MKT,,
,12/11/20 10:21,STOCK,SELL,-10,TO CLOSE,SNOW,,,STOCK,359.8101,359.81,MKT,,
,12/11/20 10:22,STOCK,SELL,-10,TO CLOSE,SNOW,,,STOCK,360.155,360.155,MKT,,
,12/11/20 10:24,STOCK,SELL,-10,TO OPEN,SNOW,,,STOCK,358.2901,358.29,MKT,,
,12/11/20 10:25,STOCK,BUY,10,TO CLOSE,SNOW,,,STOCK,357.9999,358,MKT,,
,12/11/20 10:42,STOCK,SELL,-10,TO OPEN,NIO,,,STOCK,42.7501,42.75,MKT,,
,12/11/20 10:42,STOCK,BUY,10,TO CLOSE,NIO,,,STOCK,42.6799,42.68,MKT,,
,12/11/20 10:42,STOCK,SELL,-100,TO OPEN,NIO,,,STOCK,42.665,42.665,MKT,,
,12/11/20 10:44,STOCK,BUY,100,TO CLOSE,NIO,,,STOCK,42.595,42.595,LMT,,
,12/11/20 10:56,STOCK,SELL,-10,TO OPEN,SNOW,,,STOCK,355.37,355.37,MKT,,
,12/11/20 10:57,STOCK,BUY,10,TO CLOSE,SNOW,,,STOCK,354.645,354.645,MKT,,
,12/11/20 11:01,STOCK,BUY,20,TO OPEN,SNOW,,,STOCK,355.94,355.94,MKT,,
,12/11/20 11:03,STOCK,SELL,-20,TO CLOSE,SNOW,,,STOCK,355.94,355.94,LMT,,
,12/11/20 11:04,STOCK,SELL,-10,TO OPEN,SNOW,,,STOCK,353.845,353.845,MKT,,
,12/11/20 11:04,STOCK,BUY,10,TO CLOSE,SNOW,,,STOCK,353.37,353.37,MKT,,
,12/11/20 11:25,STOCK,BUY,10,TO OPEN,SNOW,,,STOCK,351.845,351.845,MKT,,
,12/11/20 11:26,STOCK,SELL,-10,TO CLOSE,SNOW,,,STOCK,351.85,351.85,LMT,,
,12/14/20 9:36,STOCK,SELL,-22,TO OPEN,SNOW,,,STOCK,342.1101,342.11,MKT,,
,12/14/20 9:39,STOCK,BUY,22,TO CLOSE,SNOW,,,STOCK,342.1,342.1,LMT,,
,12/14/20 9:40,STOCK,BUY,200,TO OPEN,PLTR,,,STOCK,28.1098,28.1098,MKT,,
,12/14/20 9:42,STOCK,SELL,-200,TO CLOSE,PLTR,,,STOCK,27.903,27.903,MKT,,
,12/14/20 9:48,STOCK,BUY,20,TO OPEN,LULU,,,STOCK,347.82,347.82,MKT,,
,12/14/20 9:50,STOCK,SELL,-20,TO CLOSE,LULU,,,STOCK,348.4274,348.4275,MKT,,
,12/14/20 9:58,STOCK,SELL,-300,TO CLOSE,AAL,,,STOCK,17.3022,17.3022,MKT,,
,,,,,,,,,,,,,,
Equities,,,,,,,,,,,,,,
Symbol,Description,Qty,Trade Price,Mark,Mark Value,,,,,,,,,
SPCE,VIRGIN GALACTIC HLDGS INC COM,200,34.6026,26.51,"$5,302.00",,,,,,,,,
AAL,AMERICAN AIRLINES GROUP INC COM,200,18.2498,16.9861,"$3,397.22",,,,,,,,,
,OVERALL TOTALS,,,,"$8,699.22",,,,,,,,,
,,,,,,,,,,,,,,
Profits and Losses,,,,,,,,,,,,,,
Symbol,Description,P/L Open,P/L %,P/L Day,P/L YTD,P/L Diff,Margin Req,Mark Value,,,,,,
AAL,AMERICAN AIRLINES GROUP INC COM,($252.74),-6.92%,$62.88,($532.14),($532.14),"$1,019.17","$3,397.22",,,,,,
AMD,ADVANCED MICRO DEVICES INC COM,$0.00,0.00%,$0.00,($1.20),($1.20),$0.00,$0.00,,,,,,
ANF,ABERCROMBIE & FITCH CO COM CL A,$0.00,0.00%,$0.00,($189.69),($189.69),$0.00,$0.00,,,,,,
BB,BLACKBERRY LTD COM,$0.00,0.00%,$0.00,$0.44,$0.44,$0.00,$0.00,,,,,,
BLNK,BLINK CHARGING CO COM,$0.00,0.00%,$0.00,$648.83,$648.83,$0.00,$0.00,,,,,,
CCL,CARNIVAL CORP UNITS,$0.00,0.00%,$0.00,($178.50),($178.50),$0.00,$0.00,,,,,,
ETSY,ETSY INC COM,$0.00,0.00%,$0.00,($37.10),($37.10),$0.00,$0.00,,,,,,
FB,FACEBOOK INC COM CL A,$0.00,0.00%,$0.00,$13.80,$13.80,$0.00,$0.00,,,,,,
FSLY,FASTLY INC COM CL A,$0.00,0.00%,$0.00,$71.51,$71.51,$0.00,$0.00,,,,,,
FTEK,FUEL TECH INC COM,$0.00,0.00%,$0.00,($0.60),($0.60),$0.00,$0.00,,,,,,
GME,GAMESTOP CORPORATION COM CL A,$0.00,0.00%,$0.00,($90.95),($90.95),$0.00,$0.00,,,,,,
IMAC,IMAC HOLDINGS INC COM,$0.00,0.00%,$0.00,($29.35),($29.35),$0.00,$0.00,,,,,,
INO,INOVIO PHARMACEUTICALS INC COM,$0.00,0.00%,$0.00,($8.52),($8.52),$0.00,$0.00,,,,,,
KXIN,KAIXIN AUTO HOLDINGS COM,$0.00,0.00%,$0.00,($348.78),($348.78),$0.00,$0.00,,,,,,
LI,LI AUTO INC ADR,$0.00,0.00%,$0.00,($200.37),($200.37),$0.00,$0.00,,,,,,
LULU,LULULEMON ATHLETICA INC COM,$0.00,0.00%,$12.15,$12.15,$12.15,$0.00,$0.00,,,,,,
MRNA,MODERNA INC COM,$0.00,0.00%,$0.00,$31.25,$31.25,$0.00,$0.00,,,,,,
NFLX,NETFLIX INC COM,$0.00,0.00%,$0.00,$1.58,$1.58,$0.00,$0.00,,,,,,
NIO,NIO INC ADR,$0.00,0.00%,$0.00,"($1,063.02)","($1,063.02)",$0.00,$0.00,,,,,,
NKLA,NIKOLA CORPORATION COM,$0.00,0.00%,$0.00,($3.56),($3.56),$0.00,$0.00,,,,,,
NNDM,NANO DIMENSION LTD ADR SPONSORED,$0.00,0.00%,$0.00,$0.09,$0.09,$0.00,$0.00,,,,,,
OXY,OCCIDENTAL PETROLEUM CORP COM,$0.00,0.00%,$0.00,($9.50),($9.50),$0.00,$0.00,,,,,,
PFE,PFIZER INC COM,$0.00,0.00%,$0.00,($10.23),($10.23),$0.00,$0.00,,,,,,
PLTR,PALANTIR TECH INC COM CL A,$0.00,0.00%,($41.36),$19.54,$19.54,$0.00,$0.00,,,,,,
PTON,PELOTON INTERACTIVE INC COM CL A,$0.00,0.00%,$0.00,($1.30),($1.30),$0.00,$0.00,,,,,,
RIOT,RIOT BLOCKCHAIN INC COM,$0.00,0.00%,$0.00,$220.55,$220.55,$0.00,$0.00,,,,,,
ROKU,ROKU INC COM CL A,$0.00,0.00%,$0.00,$1.22,$1.22,$0.00,$0.00,,,,,,
SAVE,SPIRIT AIRLINES INC COM,$0.00,0.00%,$0.00,($4.69),($4.69),$0.00,$0.00,,,,,,
SNOW,SNOWFLAKE INC COM CL A,$0.00,0.00%,$0.22,$13.78,$13.78,$0.00,$0.00,,,,,,
SPCE,VIRGIN GALACTIC HLDGS INC COM,"($1,618.52)",-23.39%,"($1,106.00)","($1,618.52)","($1,618.52)","$2,120.80","$5,302.00",,,,,,
SPOT,SPOTIFY TECHNOLOGY S.A. COM,$0.00,0.00%,$0.00,($28.20),($28.20),$0.00,$0.00,,,,,,
TSLA,TESLA INC COM,$0.00,0.00%,$0.00,($188.42),($188.42),$0.00,$0.00,,,,,,
UA,UNDER ARMOUR INC COM CL C,$0.00,0.00%,$0.00,$0.04,$0.04,$0.00,$0.00,,,,,,
WKHS,WORKHORSE GROUP INC COM,$0.00,0.00%,$0.00,($54.40),($54.40),$0.00,$0.00,,,,,,
WORK,SLACK TECHNOLOGIES INC COM CL A,$0.00,0.00%,$0.00,$260.00,$260.00,$0.00,$0.00,,,,,,
XPEV,XPENG INC ADR,$0.00,0.00%,$0.00,$106.53,$106.53,$0.00,$0.00,,,,,,
,OVERALL TOTALS,"($1,871.26)",-17.70%,"($1,072.11)","($3,197.73)","($3,197.73)","$3,139.97","$8,699.22",,,,,,
,,,,,,,,,,,,,,
Account Summary,,,,,,,,,,,,,,
Net Liquidating Value,"$30,373.78",,,,,,,,,,,,,
Stock Buying Power,"$57,037.58",,,,,,,,,,,,,
Option Buying Power,"$27,233.81",,,,,,,,,,,,,
Equity Commissions & Fees YTD,$22.48,,,,,,,,,,,,,
Futures Commissions & Fees YTD,$0.00,,,,,,,,,,,,,
Total Commissions & Fees YTD,$22.48,,,,,,,,,,,,,